id,enrolid,userid,status,timestart,timeend,due_date
1,1,1,0,1773723956,,2026-06-14
2,1,2,0,1765703233,,2026-03-14
3,1,3,0,1770609451,,2026-05-09
4,1,4,0,1768193550,,2026-04-11
5,1,5,0,1766251119,,2026-03-20
6,1,6,0,1769854476,,2026-05-01
7,1,7,0,1770214899,,2026-05-05
8,1,8,0,1773220319,,2026-06-09
9,1,9,0,1755197907,,2025-11-12
10,1,10,0,1778745859,,2026-08-12
11,1,11,0,1768882464,,2026-04-19
12,1,12,0,1773491631,,2026-06-12
13,1,13,0,1777922747,,2026-08-02
14,1,14,0,1772251379,,2026-05-28
15,1,15,0,1764441676,,2026-02-27
16,1,16,0,1756938292,,2025-12-02
17,1,17,0,1772088490,,2026-05-26
18,1,18,0,1776591849,,2026-07-18
19,1,19,0,1763159481,,2026-02-12
20,1,20,0,1776769013,,2026-07-20
21,1,21,0,1773499896,,2026-06-12
22,1,22,0,1769583655,,2026-04-27
23,1,23,0,1763041447,,2026-02-11
24,1,24,0,1777269219,,2026-07-25
25,1,25,0,1766860494,,2026-03-27
26,1,26,0,1762694059,,2026-02-07
27,1,27,0,1758399111,,2025-12-19
28,1,28,0,1775785676,,2026-07-08
29,1,29,0,1780503680,,2026-09-01
30,1,30,0,1772421879,,2026-05-30
31,1,31,0,1779206810,,2026-08-17
32,1,32,0,1770846644,,2026-05-12
33,1,33,0,1777864495,,2026-08-01
34,1,34,0,1772014532,,2026-05-26
35,1,35,0,1755165146,,2025-11-12
36,1,36,0,1762471256,,2026-02-04
37,1,37,0,1775076683,,2026-06-30
38,1,38,0,1769941052,,2026-05-02
39,1,39,0,1771845536,,2026-05-24
40,1,40,0,1767010018,,2026-03-29
41,1,41,0,1771922671,,2026-05-25
42,1,42,0,1760601621,,2026-01-14
43,1,43,0,1775590444,,2026-07-06
44,1,44,0,1778124096,,2026-08-04
45,1,45,0,1775443879,,2026-07-04
46,1,46,0,1766800837,,2026-03-26
47,1,47,0,1757316068,,2025-12-07
48,1,48,0,1775828331,,2026-07-09
49,1,49,0,1771290796,,2026-05-17
50,1,50,0,1763701678,,2026-02-18
51,1,51,0,1776014777,,2026-07-11
52,1,52,0,1774299808,,2026-06-21
53,1,53,0,1772306616,,2026-05-29
54,1,54,0,1761617342,,2026-01-25
55,1,55,0,1772066198,,2026-05-26
56,1,56,0,1758896071,,2025-12-25
57,1,57,0,1776010362,,2026-07-11
58,1,58,0,1772665113,,2026-06-02
59,1,59,0,1776812914,,2026-07-20
60,1,60,0,1757011045,,2025-12-03
61,1,61,0,1778770885,,2026-08-12
62,1,62,0,1771209860,,2026-05-16
63,1,63,0,1760110565,,2026-01-08
64,1,64,0,1772907077,,2026-06-05
65,1,65,0,1767759085,,2026-04-06
66,1,66,0,1761373475,,2026-01-22
67,1,67,0,1779246120,,2026-08-17
68,1,68,0,1755296126,,2025-11-13
69,1,69,0,1774295382,,2026-06-21
70,1,70,0,1779927551,,2026-08-25
71,1,71,0,1757871497,,2025-12-13
72,1,72,0,1779202446,,2026-08-17
73,1,73,0,1759637799,,2026-01-02
74,1,74,0,1779571438,,2026-08-21
75,1,75,0,1768360107,,2026-04-13
76,1,76,0,1770060514,,2026-05-03
77,1,77,0,1761506365,,2026-01-24
78,1,78,0,1777327553,,2026-07-26
79,1,79,0,1775852706,,2026-07-09
80,1,80,0,1775632779,,2026-07-07
81,1,81,0,1772173621,,2026-05-27
82,1,82,0,1780408475,,2026-08-31
83,1,83,0,1771698452,,2026-05-22
84,1,84,0,1779783801,,2026-08-24
85,1,85,0,1780389518,,2026-08-31
86,1,86,0,1770773682,,2026-05-11
87,1,87,0,1777999034,,2026-08-03
88,1,88,0,1768024185,,2026-04-09
89,1,89,0,1776324346,,2026-07-15
90,1,90,0,1769122560,,2026-04-22
91,1,91,0,1778324801,,2026-08-07
92,1,92,0,1774109089,,2026-06-19
93,1,93,0,1767256902,,2026-04-01
94,1,94,0,1761761074,,2026-01-27
95,1,95,0,1761456446,,2026-01-23
96,1,96,0,1771411114,,2026-05-19
97,1,97,0,1774673859,,2026-06-25
98,1,98,0,1768445289,,2026-04-14
99,1,99,0,1771132964,,2026-05-15
100,1,100,0,1773936598,,2026-06-17
101,1,101,0,1769407933,,2026-04-25
102,1,102,0,1762441039,,2026-02-04
103,1,103,0,1770075199,,2026-05-03
104,1,104,0,1763307157,,2026-02-14
105,1,105,0,1773491247,,2026-06-12
106,1,106,0,1758979456,,2025-12-26
107,1,107,0,1772676119,,2026-06-02
108,1,108,0,1777760541,,2026-07-31
109,1,109,0,1773160011,,2026-06-08
110,1,110,0,1770863474,,2026-05-12
111,1,111,0,1771689302,,2026-05-22
112,1,112,0,1775703000,,2026-07-07
113,1,113,0,1765755653,,2026-03-14
114,1,114,0,1760426594,,2026-01-12
115,1,115,0,1765867017,,2026-03-15
116,1,116,0,1778217323,,2026-08-05
117,1,117,0,1779241313,,2026-08-17
118,1,118,0,1772885889,,2026-06-05
119,1,119,0,1779999125,,2026-08-26
120,1,120,0,1774668274,,2026-06-25
121,2,1,0,1764853551,,2026-03-04
122,2,2,0,1758998374,,2025-12-26
123,2,3,0,1764124028,,2026-02-23
124,2,4,0,1774359373,,2026-06-22
125,2,5,0,1777211371,,2026-07-25
126,2,6,0,1779455832,,2026-08-20
127,2,7,0,1772514557,,2026-05-31
128,2,8,0,1774207479,,2026-06-20
129,2,9,0,1769078220,,2026-04-22
130,2,10,0,1770534101,,2026-05-08
131,2,11,0,1760775890,,2026-01-16
132,2,12,0,1760747418,,2026-01-15
133,2,13,0,1774696059,,2026-06-26
134,2,14,0,1755894584,,2025-11-20
135,2,15,0,1763725669,,2026-02-19
136,2,16,0,1772468368,,2026-05-31
137,2,17,0,1765463623,,2026-03-11
138,2,18,0,1775592990,,2026-07-06
139,2,19,0,1767071240,,2026-03-29
140,2,20,0,1758407777,,2025-12-19
141,2,21,0,1771018485,,2026-05-14
142,2,22,0,1765261571,,2026-03-08
143,2,23,0,1765201188,,2026-03-08
144,2,24,0,1778158788,,2026-08-05
145,2,25,0,1758199211,,2025-12-17
146,2,26,0,1771540803,,2026-05-20
147,2,27,0,1758613508,,2025-12-22
148,2,28,0,1776131402,,2026-07-12
149,2,29,0,1778427303,,2026-08-08
150,2,30,0,1764820999,,2026-03-03
151,2,31,0,1768999153,,2026-04-21
152,2,32,0,1763489045,,2026-02-16
153,2,91,0,1775258434,,2026-07-02
154,2,92,0,1764821568,,2026-03-03
155,2,93,0,1774322026,,2026-06-21
156,2,94,0,1776358886,,2026-07-15
157,2,95,0,1761584696,,2026-01-25
158,2,96,0,1757242426,,2025-12-06
159,2,97,0,1755648841,,2025-11-17
160,2,98,0,1768907112,,2026-04-20
161,2,99,0,1780640450,,2026-09-02
162,2,100,0,1774633313,,2026-06-25
163,2,101,0,1776380715,,2026-07-15
164,2,102,0,1775066867,,2026-06-30
165,2,103,0,1775587949,,2026-07-06
166,2,104,0,1774378695,,2026-06-22
167,2,105,0,1779859161,,2026-08-24
168,2,106,0,1760512806,,2026-01-13
169,2,107,0,1770489700,,2026-05-08
170,2,108,0,1772663875,,2026-06-02
171,2,109,0,1758371920,,2025-12-19
172,2,110,0,1777187190,,2026-07-25
173,2,111,0,1774050020,,2026-06-18
174,2,112,0,1772200417,,2026-05-28
175,2,113,0,1772982763,,2026-06-06
176,2,114,0,1774701498,,2026-06-26
177,2,115,0,1759431409,,2025-12-31
178,2,116,0,1770635924,,2026-05-10
179,2,117,0,1779793410,,2026-08-24
180,2,118,0,1758074013,,2025-12-15
181,2,119,0,1779830956,,2026-08-24
182,2,120,0,1779743603,,2026-08-23
183,3,33,0,1777098027,,2026-07-23
184,3,34,0,1762038714,,2026-01-30
185,3,35,0,1763109566,,2026-02-12
186,3,36,0,1772422627,,2026-05-30
187,3,37,0,1780234433,,2026-08-29
188,3,38,0,1765268328,,2026-03-09
189,3,39,0,1773379094,,2026-06-10
190,3,40,0,1757091798,,2025-12-04
191,3,41,0,1775804504,,2026-07-09
192,3,42,0,1771145554,,2026-05-16
193,3,43,0,1772033274,,2026-05-26
194,3,44,0,1774843792,,2026-06-27
195,3,45,0,1776827074,,2026-07-20
196,3,46,0,1773979583,,2026-06-17
197,3,47,0,1758240251,,2025-12-17
198,3,48,0,1780482277,,2026-09-01
199,3,49,0,1775102609,,2026-06-30
200,3,50,0,1764007929,,2026-02-22
201,3,51,0,1766076898,,2026-03-18
202,3,52,0,1764603510,,2026-03-01
203,3,53,0,1768054328,,2026-04-10
204,3,54,0,1764481794,,2026-02-27
205,3,55,0,1779031213,,2026-08-15
206,3,56,0,1776682342,,2026-07-19
207,3,57,0,1775155817,,2026-07-01
208,3,58,0,1780046520,,2026-08-27
209,3,59,0,1771358193,,2026-05-18
210,3,60,0,1776276891,,2026-07-14
211,3,61,0,1779707124,,2026-08-23
212,3,62,0,1766258096,,2026-03-20
213,3,91,0,1774639777,,2026-06-25
214,3,92,0,1779762794,,2026-08-23
215,3,93,0,1762038660,,2026-01-30
216,3,94,0,1775754181,,2026-07-08
217,3,95,0,1768875351,,2026-04-19
218,3,96,0,1767481784,,2026-04-03
219,3,97,0,1766260322,,2026-03-20
220,3,98,0,1773787196,,2026-06-15
221,3,99,0,1761995665,,2026-01-30
222,3,100,0,1779271917,,2026-08-18
223,3,101,0,1778580697,,2026-08-10
224,3,102,0,1757363663,,2025-12-07
225,3,103,0,1778924652,,2026-08-14
226,3,104,0,1761370391,,2026-01-22
227,3,105,0,1772321546,,2026-05-29
228,3,106,0,1770849203,,2026-05-12
229,3,107,0,1774204161,,2026-06-20
230,3,108,0,1771499085,,2026-05-20
231,3,109,0,1776843885,,2026-07-21
232,3,110,0,1772093026,,2026-05-27
233,3,111,0,1768733652,,2026-04-18
234,3,112,0,1778459389,,2026-08-08
235,3,113,0,1763832956,,2026-02-20
236,3,114,0,1777592395,,2026-07-29
237,3,115,0,1773026571,,2026-06-06
238,3,116,0,1762199933,,2026-02-01
239,3,117,0,1777307405,,2026-07-26
240,3,118,0,1779319018,,2026-08-18
241,3,119,0,1776534641,,2026-07-17
242,3,120,0,1773508063,,2026-06-12
243,4,1,0,1767611272,,2026-04-05
244,4,2,0,1775377367,,2026-07-04
245,4,3,0,1772760650,,2026-06-03
246,4,4,0,1771621173,,2026-05-21
247,4,5,0,1768724287,,2026-04-18
248,4,6,0,1775365072,,2026-07-03
249,4,7,0,1767952049,,2026-04-09
250,4,8,0,1760802849,,2026-01-16
251,4,9,0,1772790671,,2026-06-04
252,4,10,0,1762962979,,2026-02-10
253,4,11,0,1769981088,,2026-05-02
254,4,12,0,1767220863,,2026-03-31
255,4,13,0,1775698341,,2026-07-07
256,4,14,0,1766003641,,2026-03-17
257,4,15,0,1774167202,,2026-06-20
258,4,16,0,1763589608,,2026-02-17
259,4,17,0,1773069166,,2026-06-07
260,4,18,0,1776233302,,2026-07-13
261,4,19,0,1761562576,,2026-01-25
262,4,20,0,1758230077,,2025-12-17
263,4,21,0,1760063388,,2026-01-07
264,4,22,0,1766725503,,2026-03-25
265,4,23,0,1768816500,,2026-04-19
266,4,24,0,1779286710,,2026-08-18
267,4,25,0,1761845184,,2026-01-28
268,4,26,0,1760670011,,2026-01-14
269,4,27,0,1767499653,,2026-04-03
270,4,28,0,1778334601,,2026-08-07
271,4,29,0,1780588228,,2026-09-02
272,4,30,0,1768530344,,2026-04-15
273,4,31,0,1770053136,,2026-05-03
274,4,32,0,1757717009,,2025-12-11
275,4,33,0,1777439900,,2026-07-27
276,4,34,0,1765895654,,2026-03-16
277,4,35,0,1759728406,,2026-01-03
278,4,36,0,1755515413,,2025-11-16
279,4,37,0,1776094467,,2026-07-12
280,4,38,0,1762150047,,2026-01-31
281,4,39,0,1779987629,,2026-08-26
282,4,40,0,1769262413,,2026-04-24
283,4,41,0,1775910892,,2026-07-10
284,4,42,0,1758373411,,2025-12-19
285,4,43,0,1779381290,,2026-08-19
286,4,44,0,1767669916,,2026-04-05
287,4,45,0,1777398680,,2026-07-27
288,4,46,0,1773540235,,2026-06-12
289,4,47,0,1767122389,,2026-03-30
290,4,48,0,1775083297,,2026-06-30
291,4,49,0,1759853861,,2026-01-05
292,4,50,0,1756464289,,2025-11-27
293,4,51,0,1779140628,,2026-08-16
294,4,52,0,1767334761,,2026-04-01
295,4,53,0,1776108883,,2026-07-12
296,4,54,0,1765941198,,2026-03-16
297,4,55,0,1770726486,,2026-05-11
298,4,56,0,1772386300,,2026-05-30
299,4,57,0,1774837259,,2026-06-27
300,4,58,0,1767708758,,2026-04-06
301,4,59,0,1769504055,,2026-04-27
302,4,60,0,1762902559,,2026-02-09
303,4,61,0,1780623357,,2026-09-02
304,4,62,0,1758173893,,2025-12-16
305,4,63,0,1774638934,,2026-06-25
306,4,64,0,1770612224,,2026-05-09
307,4,65,0,1775309202,,2026-07-03
308,4,66,0,1760907113,,2026-01-17
309,4,67,0,1778704062,,2026-08-11
310,4,68,0,1766641112,,2026-03-24
311,4,69,0,1766442472,,2026-03-22
312,4,70,0,1780207862,,2026-08-28
313,4,71,0,1780388716,,2026-08-31
314,4,72,0,1778902360,,2026-08-13
315,4,73,0,1770987144,,2026-05-14
316,4,74,0,1770696672,,2026-05-10
317,4,75,0,1774018196,,2026-06-18
318,4,76,0,1780058661,,2026-08-27
319,4,77,0,1760450898,,2026-01-12
320,4,78,0,1763400041,,2026-02-15
321,4,79,0,1777650221,,2026-07-30
322,4,80,0,1759376361,,2025-12-30
323,4,81,0,1759584959,,2026-01-02
324,4,82,0,1762745575,,2026-02-07
325,4,83,0,1758583582,,2025-12-21
326,4,84,0,1771198580,,2026-05-16
327,4,85,0,1779695242,,2026-08-23
328,4,86,0,1762582016,,2026-02-05
329,4,87,0,1773405150,,2026-06-11
330,4,88,0,1773173690,,2026-06-08
331,4,89,0,1773072546,,2026-06-07
332,4,90,0,1766730750,,2026-03-25
333,4,91,0,1773593204,,2026-06-13
334,4,92,0,1778703444,,2026-08-11
335,4,93,0,1775234960,,2026-07-02
336,4,94,0,1771089878,,2026-05-15
337,4,95,0,1772010633,,2026-05-26
338,4,96,0,1778952141,,2026-08-14
339,4,97,0,1765994341,,2026-03-17
340,4,98,0,1769038205,,2026-04-21
341,4,99,0,1771665313,,2026-05-22
342,4,100,0,1779796082,,2026-08-24
343,4,101,0,1778530751,,2026-08-09
344,4,102,0,1756974893,,2025-12-03
345,4,103,0,1768539602,,2026-04-15
346,4,104,0,1762998809,,2026-02-10
347,4,105,0,1776738590,,2026-07-19
348,4,106,0,1769815231,,2026-04-30
349,4,107,0,1773267114,,2026-06-09
350,4,108,0,1772399913,,2026-05-30
351,4,109,0,1772711424,,2026-06-03
352,4,110,0,1777503695,,2026-07-28
353,4,111,0,1779776064,,2026-08-23
354,4,112,0,1775247899,,2026-07-02
355,4,113,0,1767744252,,2026-04-06
356,4,114,0,1757205101,,2025-12-05
357,4,115,0,1756170771,,2025-11-23
358,4,116,0,1766169946,,2026-03-19
359,4,117,0,1778359294,,2026-08-07
360,4,118,0,1761536177,,2026-01-24
361,4,119,0,1776560313,,2026-07-17
362,4,120,0,1779671990,,2026-08-22
363,5,64,0,1776461713,,2026-06-16
364,5,65,0,1769819074,,2026-03-31
365,5,66,0,1779388440,,2026-07-20
366,5,67,0,1780641063,,2026-08-03
367,5,68,0,1772293513,,2026-04-29
368,5,69,0,1762024097,,2025-12-31
369,5,70,0,1777657536,,2026-06-30
370,5,71,0,1774430579,,2026-05-24
371,5,72,0,1779316086,,2026-07-19
372,5,73,0,1771764073,,2026-04-23
373,5,74,0,1778503663,,2026-07-10
374,5,75,0,1759780595,,2025-12-05
375,5,76,0,1776021049,,2026-06-11
376,5,77,0,1771337792,,2026-04-18
377,5,78,0,1769535932,,2026-03-28
378,5,79,0,1772637701,,2026-05-03
379,5,80,0,1764196239,,2026-01-25
380,5,81,0,1763653764,,2026-01-19
381,5,82,0,1774258695,,2026-05-22
382,5,84,0,1778196719,,2026-07-06
383,5,85,0,1779079365,,2026-07-16
384,5,86,0,1772838754,,2026-05-05
385,5,87,0,1773939519,,2026-05-18
386,5,89,0,1779245892,,2026-07-18
387,5,90,0,1775890971,,2026-06-10
388,6,1,0,1769179262,,2026-03-09
389,6,2,0,1768776433,,2026-03-04
390,6,3,0,1763174813,,2025-12-29
391,6,4,0,1763398002,,2026-01-01
392,6,5,0,1779944693,,2026-07-11
393,6,6,0,1765460013,,2026-01-25
394,6,7,0,1773848700,,2026-05-02
395,6,8,0,1780339982,,2026-07-16
396,6,9,0,1771920847,,2026-04-10
397,6,10,0,1768988025,,2026-03-07
398,6,11,0,1765691254,,2026-01-27
399,6,12,0,1759935903,,2025-11-22
400,6,13,0,1773915443,,2026-05-03
401,6,14,0,1774435023,,2026-05-09
402,6,15,0,1771098818,,2026-03-31
403,6,16,0,1774525438,,2026-05-10
404,6,17,0,1760343092,,2025-11-27
405,6,18,0,1777916480,,2026-06-18
406,6,19,0,1778799323,,2026-06-28
407,6,20,0,1766325103,,2026-02-04
408,6,21,0,1772955396,,2026-04-21
409,6,22,0,1766755092,,2026-02-09
410,6,23,0,1779958366,,2026-07-12
411,6,24,0,1778412429,,2026-06-24
412,6,25,0,1763097905,,2025-12-28
413,6,26,0,1759191542,,2025-11-13
414,6,27,0,1769198184,,2026-03-09
415,6,28,0,1776890308,,2026-06-06
416,6,29,0,1778527438,,2026-06-25
417,6,30,0,1780445449,,2026-07-17
418,6,31,0,1779356391,,2026-07-05
419,6,32,0,1766919783,,2026-02-11
420,6,33,0,1777135257,,2026-06-09
421,6,34,0,1777437674,,2026-06-12
422,6,35,0,1767860994,,2026-02-22
423,6,36,0,1773419585,,2026-04-27
424,6,37,0,1775847819,,2026-05-25
425,6,38,0,1762127453,,2025-12-17
426,6,39,0,1776430243,,2026-06-01
427,6,40,0,1780139275,,2026-07-14
428,6,41,0,1768819561,,2026-03-05
429,6,42,0,1769209044,,2026-03-09
430,6,43,0,1774731143,,2026-05-12
431,6,44,0,1778651375,,2026-06-26
432,6,45,0,1768112443,,2026-02-24
433,6,46,0,1778630541,,2026-06-26
434,6,47,0,1777177118,,2026-06-09
435,6,48,0,1773451594,,2026-04-27
436,6,49,0,1775290477,,2026-05-19
437,6,50,0,1765734452,,2026-01-28
438,6,51,0,1778966923,,2026-06-30
439,6,52,0,1768099617,,2026-02-24
440,6,53,0,1776068964,,2026-05-28
441,6,54,0,1763048989,,2025-12-28
442,6,55,0,1773127807,,2026-04-24
443,6,56,0,1771438746,,2026-04-04
444,6,57,0,1780636066,,2026-07-19
445,6,58,0,1772885666,,2026-04-21
446,6,59,0,1758942200,,2025-11-10
447,6,60,0,1768885741,,2026-03-05
448,6,61,0,1778549292,,2026-06-25
449,6,62,0,1769225671,,2026-03-09
450,6,63,0,1769009345,,2026-03-07
451,6,64,0,1766764223,,2026-02-09
452,6,65,0,1763359861,,2025-12-31
453,6,66,0,1759963171,,2025-11-22
454,6,67,0,1779414401,,2026-07-05
455,6,68,0,1769732378,,2026-03-15
456,6,69,0,1761107839,,2025-12-05
457,6,70,0,1779944653,,2026-07-11
458,6,71,0,1756267282,,2025-10-10
459,6,72,0,1780003133,,2026-07-12
460,6,73,0,1773129648,,2026-04-24
461,6,74,0,1775835990,,2026-05-25
462,6,75,0,1764998775,,2026-01-19
463,6,76,0,1776894410,,2026-06-06
464,6,77,0,1776074013,,2026-05-28
465,6,78,0,1780223499,,2026-07-15
466,6,79,0,1776195232,,2026-05-29
467,6,80,0,1756347960,,2025-10-11
468,6,81,0,1767960796,,2026-02-23
469,6,82,0,1772714915,,2026-04-19
470,6,83,0,1777760779,,2026-06-16
471,6,84,0,1778479679,,2026-06-24
472,6,85,0,1779337146,,2026-07-04
473,6,86,0,1768563841,,2026-03-02
474,6,87,0,1775528365,,2026-05-21
475,6,88,0,1773568448,,2026-04-29
476,6,89,0,1765607935,,2026-01-26
477,6,90,0,1771847466,,2026-04-09
478,6,91,0,1761573307,,2025-12-11
479,6,92,0,1767124776,,2026-02-13
480,6,93,0,1779857862,,2026-07-10
481,6,94,0,1763787648,,2026-01-05
482,6,95,0,1772814054,,2026-04-20
483,6,96,0,1771721436,,2026-04-07
484,6,97,0,1776864593,,2026-06-06
485,6,98,0,1776879275,,2026-06-06
486,6,99,0,1777057713,,2026-06-08
487,6,100,0,1774911110,,2026-05-14
488,6,101,0,1772321692,,2026-04-14
489,6,102,0,1773473469,,2026-04-28
490,6,103,0,1777150469,,2026-06-09
491,6,104,0,1777390098,,2026-06-12
492,6,105,0,1765652702,,2026-01-27
493,6,106,0,1757220661,,2025-10-21
494,6,107,0,1776818677,,2026-06-05
495,6,108,0,1779898141,,2026-07-11
496,6,109,0,1780577191,,2026-07-19
497,6,110,0,1777995394,,2026-06-19
498,6,111,0,1772088048,,2026-04-11
499,6,112,0,1770909585,,2026-03-29
500,6,113,0,1771311364,,2026-04-02
501,6,114,0,1777395099,,2026-06-12
502,6,115,0,1766466878,,2026-02-05
503,6,116,0,1772847101,,2026-04-20
504,6,117,0,1780317377,,2026-07-16
505,6,118,0,1756327017,,2025-10-11
506,6,119,0,1779726913,,2026-07-09
507,6,120,0,1762635757,,2025-12-23
