id,shortname,fullname,category,compliance_required,recert_days
1,FAA-SAFETY,FAA Safety Fundamentals,Mandatory,1,365.0
2,EMERG-PROC,Emergency Procedures Training,Mandatory,1,180.0
3,DATA-PRIV,Data Privacy & Cybersecurity,Mandatory,1,365.0
4,HARASS-PREV,Harassment Prevention,Mandatory,1,365.0
5,LMS-ORIENT,LMS Platform Orientation,Onboarding,1,
6,TECH-WRITE,Technical Writing & Documentation,Elective,0,
7,PBI-OPS,Power BI for Operations,Elective,0,
8,QMS-MFG,Quality Management Systems,Mandatory,1,365.0
9,AVI-REG,Aviation Regulations Overview,Mandatory,1,365.0
