id,userid,course,timeenrolled,timecompleted
1,1,1,1758010714,1767259114.0
2,2,1,1770995134,1782309934.0
3,3,1,1768583733,1787501733.0
4,4,1,1775436660,1781398260.0
5,5,1,1775545524,1800173124.0
6,6,1,1775693935,1806452335.0
7,7,1,1768795953,
8,8,1,1757267092,1763145892.0
9,9,1,1770922593,
10,10,1,1772304040,1788370840.0
11,11,1,1776136739,1801109939.0
12,12,1,1747733761,1754818561.0
13,13,1,1767836913,1775868513.0
14,14,1,1767949598,1782893198.0
15,15,1,1777785131,1789017131.0
16,16,1,1780382596,1782283396.0
17,17,1,1771875001,
18,18,1,1776753230,1787034830.0
19,19,1,1749857456,1762389056.0
20,20,1,1768037434,1796635834.0
21,21,1,1776143402,
22,22,1,1768457056,1780203856.0
23,23,1,1770083348,1775090948.0
24,24,1,1779894252,
25,25,1,1749147975,
26,26,1,1773548010,
27,27,1,1756476161,1776002561.0
28,28,1,1774096379,1803994379.0
29,29,1,1779731772,
30,30,1,1764554258,1794103058.0
31,31,1,1771772714,1785679514.0
32,32,1,1773424957,1798138957.0
33,33,1,1777673176,
34,34,1,1755801088,
35,35,1,1776084332,1800539132.0
36,36,1,1767560789,1793390789.0
37,37,1,1771159492,1801226692.0
38,38,1,1777510091,
39,39,1,1751374390,1755348790.0
40,40,1,1762176837,1766496837.0
41,41,1,1764552879,1774744479.0
42,42,1,1755184469,1776438869.0
43,43,1,1768576859,1796656859.0
44,44,1,1773836277,1791721077.0
45,45,1,1777115546,1782040346.0
46,46,1,1773032870,
47,47,1,1751878893,1776762093.0
48,48,1,1773427756,1794167356.0
49,49,1,1758248549,1778034149.0
50,50,1,1766469514,1790917114.0
51,51,1,1768213691,
52,52,1,1760922294,1789347894.0
53,53,1,1755006935,1765810535.0
54,54,1,1775217263,1787486063.0
55,55,1,1769472763,1776381163.0
56,56,1,1761012523,1764040123.0
57,57,1,1777031886,1779969486.0
58,58,1,1764590392,
59,59,1,1765938149,1791595349.0
60,60,1,1766036254,1783485454.0
61,61,1,1780454214,1804822614.0
62,62,1,1756539419,1768811819.0
63,63,1,1779721100,1809961100.0
64,64,1,1768868725,
65,65,1,1755834836,
66,66,1,1765734632,
67,67,1,1779356976,1783244976.0
68,68,1,1771803779,1774219379.0
69,69,1,1748180107,1763303707.0
70,70,1,1779687850,1798526650.0
71,71,1,1763384874,1787486874.0
72,72,1,1780370628,1783653828.0
73,73,1,1756232579,1767381779.0
74,74,1,1773640255,1779429055.0
75,75,1,1767131413,
76,76,1,1771128368,1787627168.0
77,77,1,1768134887,1773401687.0
78,78,1,1768714553,1794548153.0
79,79,1,1776962015,1793813615.0
80,80,1,1770997667,1801756067.0
81,81,1,1768901041,1782462241.0
82,82,1,1776070182,1801302582.0
83,83,1,1768814270,1785399470.0
84,84,1,1778166526,1797005326.0
85,85,1,1780194994,
86,86,1,1757004677,
87,87,1,1773899448,1797231048.0
88,88,1,1766197944,
89,89,1,1771385822,1790908622.0
90,90,1,1749575296,1760634496.0
91,91,1,1757814286,
92,92,1,1771899262,1799115262.0
93,93,1,1752478693,1767083893.0
94,94,1,1751002312,
95,95,1,1764834098,
96,96,1,1779501923,1780193123.0
97,97,1,1764543598,1782770398.0
98,98,1,1777532432,1806303632.0
99,99,1,1774713663,1787932863.0
100,100,1,1771871096,1797791096.0
101,101,1,1777652695,1802193895.0
102,102,1,1762879639,1774194439.0
103,103,1,1776657978,1800594378.0
104,104,1,1771867972,1793464372.0
105,105,1,1766475524,1793083124.0
106,106,1,1750425410,1760707010.0
107,107,1,1779976272,1785765072.0
108,108,1,1770377151,1801481151.0
109,109,1,1779332507,1784084507.0
110,110,1,1778597002,1798299802.0
111,111,1,1774799013,1796143413.0
112,112,1,1780190988,1805938188.0
113,113,1,1779358637,1804504637.0
114,114,1,1773834734,1798721534.0
115,115,1,1758934764,
116,116,1,1773362564,1793493764.0
117,117,1,1778084472,1797268872.0
118,118,1,1764737820,1769317020.0
119,119,1,1778208888,1807671288.0
120,120,1,1769364422,1776532022.0
121,121,1,1769347866,1782477066.0
122,122,1,1766367254,1786667654.0
123,123,1,1774440143,1802350943.0
124,124,1,1778865619,1784136019.0
125,125,1,1750193713,
126,126,1,1754454269,1761971069.0
127,127,1,1754272022,
128,128,1,1776539171,1797451571.0
129,129,1,1765581099,
130,130,1,1777856085,1781657685.0
131,131,1,1754031367,1780988167.0
132,132,1,1748661347,
133,133,1,1774671599,1775794799.0
134,134,1,1777393239,1779380439.0
135,135,1,1766727304,1786509304.0
136,136,1,1760378567,1788717767.0
137,137,1,1765311653,1783624853.0
138,138,1,1778645299,
139,139,1,1756849560,1769813160.0
140,140,1,1763245567,1765059967.0
141,141,1,1749814973,1767876173.0
142,142,1,1776641867,1800837467.0
143,143,1,1759784020,1787518420.0
144,144,1,1761918364,1771166764.0
145,145,1,1769284893,1800388893.0
146,146,1,1776652856,1787452856.0
147,147,1,1778756903,1796990903.0
148,148,1,1777358378,
149,149,1,1773544665,1780543065.0
150,150,1,1751761656,1764034056.0
151,151,1,1760602287,1780992687.0
152,152,1,1749877099,
153,153,1,1763134276,
154,154,1,1760372456,1778948456.0
155,155,1,1778823903,1779169503.0
156,156,1,1752138646,1781514646.0
157,157,1,1759096218,1774561818.0
158,158,1,1761569961,1775998761.0
159,159,1,1778791090,1795988290.0
160,160,1,1777210344,1798381944.0
161,161,1,1749888406,1779437206.0
162,162,1,1778894880,1780709280.0
163,163,1,1765005847,1769671447.0
164,164,1,1779717638,1800111638.0
165,165,1,1758693642,
166,166,1,1760033711,1771960511.0
167,167,1,1752959787,1767737787.0
168,168,1,1750662757,1764922357.0
169,169,1,1775309936,1799505536.0
170,170,1,1761954819,1774914819.0
171,171,1,1772723216,1777298816.0
172,172,1,1774619177,1782222377.0
173,173,1,1766794610,1769473010.0
174,174,1,1747239996,1770917196.0
175,175,1,1773396356,1781345156.0
176,176,1,1754785230,1765675230.0
177,177,1,1750790570,1779216170.0
178,178,1,1765688758,1786507558.0
179,179,1,1748844471,1768633671.0
180,180,1,1772499471,1791503871.0
181,181,1,1753548869,1770746069.0
182,182,1,1756286176,1772360176.0
183,183,1,1776912372,1806288372.0
184,184,1,1757671105,
185,185,1,1768026527,
186,186,1,1780255147,1793128747.0
187,187,1,1746611081,
188,188,1,1775662151,1786980551.0
189,189,1,1751427709,1757734909.0
190,190,1,1765966044,1779872844.0
191,191,1,1761305930,1767357530.0
192,192,1,1765139058,1773084258.0
193,193,1,1768964744,
194,194,1,1766332604,1778597804.0
195,195,1,1768897814,
196,196,1,1773338887,
197,197,1,1769346182,1774612982.0
198,198,1,1767269291,1777460891.0
199,199,1,1756854762,
200,200,1,1775230145,
201,201,1,1771703584,
202,202,1,1764463631,1784764031.0
203,203,1,1771837613,1788941213.0
204,204,1,1762689427,1773226627.0
205,205,1,1772936124,
206,206,1,1763945497,1792799497.0
207,207,1,1750217750,
208,208,1,1763626343,1770019943.0
209,209,1,1778616577,
210,210,1,1755260755,1779279955.0
211,211,1,1773109429,1804130629.0
212,212,1,1775953310,1783038110.0
213,213,1,1764224380,
214,214,1,1762067725,
215,215,1,1780003779,1789853379.0
216,216,1,1748580138,
217,217,1,1762782326,1787057126.0
218,218,1,1760151794,1772596994.0
219,219,1,1769814977,
220,220,1,1763165576,1791760376.0
221,221,1,1780360774,1795311574.0
222,222,1,1749010191,1752293391.0
223,223,1,1749258056,1759798856.0
224,224,1,1775088946,
225,225,1,1748745053,
226,226,1,1776461128,1787779528.0
227,227,1,1768585285,
228,228,1,1765137952,1775847952.0
229,229,1,1757556536,1763348936.0
230,230,1,1780319147,1801577147.0
231,231,1,1766439878,1786653878.0
232,232,1,1761920797,1791296797.0
233,233,1,1767075787,
234,234,1,1772145685,1790113285.0
235,235,1,1770347460,1790215860.0
236,236,1,1775471547,1778581947.0
237,237,1,1770098284,1784696284.0
238,238,1,1772628683,1795179083.0
239,239,1,1770994663,1800197863.0
240,240,1,1753815951,1763582751.0
241,241,1,1771707253,1792007653.0
242,242,1,1779936734,1794023534.0
243,243,1,1758023290,1779191290.0
244,244,1,1762294787,1766787587.0
245,245,1,1760639811,1763494611.0
246,246,1,1749743458,1755359458.0
247,247,1,1762445557,
248,248,1,1770664743,
249,249,1,1769174978,1783168178.0
250,250,1,1751697685,1780987285.0
251,251,1,1777854941,1802655341.0
252,252,1,1750003320,1769187720.0
253,253,1,1774757780,
254,254,1,1749680446,1751062846.0
255,255,1,1749793664,1751262464.0
256,256,1,1772935879,1788138679.0
257,257,1,1774078588,1803371788.0
258,258,1,1765410079,1766965279.0
259,259,1,1779898329,1800205929.0
260,260,1,1765587179,1790898779.0
261,261,1,1762287163,1789845163.0
262,262,1,1766367505,1785371905.0
263,263,1,1758521293,1781417293.0
264,264,1,1769110170,1799350170.0
265,265,1,1771994451,1781926851.0
266,266,1,1779569649,1793134449.0
267,267,1,1771002159,1784044959.0
268,268,1,1780445426,1788394226.0
269,269,1,1766905444,1791871444.0
270,270,1,1758455016,1760528616.0
271,271,1,1766141738,1780221338.0
272,272,1,1753738388,1772404388.0
273,273,1,1772050732,
274,274,1,1754129079,
275,275,1,1778312601,1794559401.0
276,276,1,1775219623,1801488823.0
277,277,1,1772605047,
278,278,1,1772412826,1780098826.0
279,279,1,1766453653,1775262853.0
280,280,1,1779787100,1808558300.0
281,1,2,1775212212,1779791412.0
282,2,2,1779684895,1781585695.0
283,3,2,1774304647,1787005447.0
284,4,2,1767352403,
285,5,2,1768557474,1782550674.0
286,6,2,1747406254,1757342254.0
287,7,2,1779134288,1785441488.0
288,8,2,1774679307,1785133707.0
289,9,2,1755596040,
290,10,2,1752640863,
291,11,2,1770378677,1781779877.0
292,12,2,1757006436,
293,13,2,1771518453,1784388453.0
294,14,2,1746722123,1750264523.0
295,15,2,1776051162,
296,16,2,1765747946,
297,17,2,1760123512,1761246712.0
298,18,2,1774835205,1786585605.0
299,19,2,1768017882,
300,20,2,1747555767,1761034167.0
301,21,2,1771852774,1779365974.0
302,22,2,1763520470,1778291270.0
303,23,2,1760770296,1762761096.0
304,24,2,1776540685,1791228685.0
305,25,2,1759787583,1761861183.0
306,26,2,1771020335,
307,27,2,1772896008,1784729208.0
308,28,2,1776061529,1776666329.0
309,29,2,1779679402,1790652202.0
310,30,2,1748301143,1755040343.0
311,31,2,1763584049,1775417249.0
312,32,2,1767497219,1770607619.0
313,33,2,1779371404,1793368204.0
314,34,2,1760974002,1770308802.0
315,35,2,1768994660,
316,36,2,1763009140,1773114340.0
317,37,2,1773624551,
318,38,2,1755790234,
319,39,2,1772152645,1785022645.0
320,40,2,1750379496,1759019496.0
321,41,2,1768307500,1772969500.0
322,42,2,1756132490,1770564890.0
323,43,2,1776608748,
324,44,2,1763042112,1765979712.0
325,45,2,1769171019,1780745019.0
326,46,2,1758448924,
327,47,2,1759936047,1767888447.0
328,48,2,1775415724,1783882924.0
329,49,2,1746775816,1747639816.0
330,50,2,1756749554,1764356354.0
331,51,2,1753687292,1764318092.0
332,52,2,1751174635,1761283435.0
333,53,2,1755191015,1760202215.0
334,54,2,1757656260,1769583060.0
335,55,2,1766842190,1769779790.0
336,56,2,1772473579,
337,57,2,1774986062,1786218062.0
338,58,2,1767568031,1773094031.0
339,59,2,1770411698,1778443298.0
340,60,2,1763504908,1765578508.0
341,61,2,1780110045,
342,62,2,1773889488,
343,63,2,1748962137,1759589337.0
344,64,2,1775776181,1776380981.0
345,65,2,1747951181,1762729181.0
346,66,2,1747151172,1754754372.0
347,67,2,1780190725,1794623125.0
348,68,2,1775787917,1786587917.0
349,69,2,1766068417,1776432817.0
350,70,2,1779622259,
351,71,2,1770609579,1777690779.0
352,72,2,1779866265,1785655065.0
353,73,2,1750425534,1751721534.0
354,74,2,1747222988,1755603788.0
355,75,2,1757542368,1766272368.0
356,76,2,1777603317,1785984117.0
357,77,2,1767506966,
358,78,2,1775259846,1788824646.0
359,79,2,1779596581,1782102181.0
360,80,2,1749507267,1763075667.0
361,81,2,1775189435,1785298235.0
362,82,2,1759876101,1769729301.0
363,83,2,1767579287,
364,84,2,1769121820,1777412620.0
365,85,2,1780000148,1780864148.0
366,86,2,1757050234,
367,87,2,1772712616,1787224216.0
368,88,2,1757824211,1771392611.0
369,89,2,1752223779,1762249779.0
370,90,2,1763851962,1772837562.0
371,91,2,1751994107,
372,92,2,1763833924,1775494324.0
373,93,2,1777275587,1783237187.0
374,94,2,1758377907,1769440707.0
375,95,2,1771216703,1775273903.0
376,96,2,1774322363,1781579963.0
377,97,2,1774189544,1780842344.0
378,98,2,1754537356,1768883356.0
379,99,2,1751487342,1756152942.0
380,100,2,1771179934,1779384334.0
381,101,2,1774080392,
382,102,2,1772331662,1774488062.0
383,103,2,1773683803,1784483803.0
384,104,2,1752529832,
385,105,2,1775661648,
386,106,2,1763296242,1774956642.0
387,107,2,1777202754,
388,108,2,1777648460,1780758860.0
389,109,2,1761757467,1764698667.0
390,110,2,1779454273,1784638273.0
391,111,2,1771518157,
392,112,2,1775396853,1789652853.0
393,113,2,1767724161,1781544561.0
394,114,2,1775860475,1788906875.0
395,115,2,1767815692,1781376892.0
396,116,2,1751640588,1752504588.0
397,117,2,1778215998,1784263998.0
398,118,2,1761530063,1775872463.0
399,119,2,1777578656,1792007456.0
400,120,2,1755841399,
401,121,2,1748422135,1750236535.0
402,122,2,1763745125,1774195925.0
403,123,2,1757054760,1764315960.0
404,124,2,1765746306,
405,125,2,1748446513,1761060913.0
406,126,2,1774755225,1784950425.0
407,127,2,1755661392,1764391392.0
408,128,2,1775860582,
409,129,2,1775556457,
410,130,2,1768598610,1773001410.0
411,131,2,1763735989,1774964389.0
412,132,2,1762229866,1771129066.0
413,133,2,1765802408,1773834008.0
414,134,2,1773401131,1788089131.0
415,135,2,1778418855,1781010855.0
416,136,2,1761785597,1770947597.0
417,137,2,1777117891,1781610691.0
418,138,2,1768651671,1778843271.0
419,139,2,1757432305,
420,140,2,1762668478,1765001278.0
421,141,2,1751637318,1759931718.0
422,142,2,1748615733,1759934133.0
423,143,2,1759014289,1769731489.0
424,144,2,1777044831,
425,145,2,1758176298,
426,146,2,1776224500,1790048500.0
427,147,2,1764763443,1776251043.0
428,148,2,1776037563,1776642363.0
429,149,2,1760256572,
430,150,2,1761378969,
431,151,2,1761435454,1762216654.0
432,152,2,1764268414,1777311214.0
433,153,2,1751905059,1755879459.0
434,154,2,1759175063,1767818663.0
435,155,2,1756120508,1758798908.0
436,156,2,1763156692,1772487892.0
437,157,2,1758004124,1768634924.0
438,158,2,1766819734,1770102934.0
439,159,2,1773313158,
440,160,2,1772520194,1776577394.0
441,161,2,1748752850,1763185250.0
442,162,2,1775932388,1781634788.0
443,163,2,1769552906,
444,164,2,1756163067,1761001467.0
445,165,2,1771092921,1783703721.0
446,166,2,1768812164,1771749764.0
447,167,2,1777289847,
448,168,2,1776167185,1779623185.0
449,169,2,1757834174,1765700174.0
450,170,2,1766305436,1771230236.0
451,171,2,1760737963,
452,172,2,1769856433,1783676833.0
453,173,2,1779373128,1791296328.0
454,174,2,1770235426,1777748626.0
455,175,2,1760296625,1760642225.0
456,176,2,1766723143,1781407543.0
457,177,2,1778364852,1783030452.0
458,178,2,1757026714,1758581914.0
459,179,2,1759305021,1771318221.0
460,180,2,1773395840,1777456640.0
461,181,2,1774126651,
462,182,2,1770298406,
463,183,2,1775800169,1782452969.0
464,184,2,1771603641,1774192041.0
465,185,2,1775876547,1790305347.0
466,186,2,1779447009,
467,187,2,1768454301,1772947101.0
468,188,2,1760891647,1775406847.0
469,189,2,1758800745,1765543545.0
470,190,2,1769844788,1784183588.0
471,191,2,1759505716,1761665716.0
472,192,2,1765876442,
473,193,2,1778693065,
474,194,2,1773013119,1783121919.0
475,195,2,1771385171,1784255171.0
476,196,2,1751185859,1752741059.0
477,197,2,1766998733,1778313533.0
478,198,2,1777432246,1780283446.0
479,199,2,1754764064,1759861664.0
480,200,2,1779203028,1792854228.0
481,201,2,1774871460,
482,202,2,1776540504,
483,203,2,1747796523,1761188523.0
484,204,2,1757949701,1766161301.0
485,205,2,1772538527,1784890127.0
486,206,2,1750964596,1754852596.0
487,207,2,1759306398,1764061998.0
488,208,2,1752023936,
489,209,2,1774743287,1777853687.0
490,210,2,1774437969,1784892369.0
491,211,2,1773986041,1779861241.0
492,212,2,1752135715,1753345315.0
493,213,2,1761376088,1762934888.0
494,214,2,1760465586,
495,215,2,1776275663,1779472463.0
496,216,2,1754580185,1764087785.0
497,217,2,1761597656,1770154856.0
498,218,2,1756189584,1768375584.0
499,219,2,1771935107,1784027507.0
500,220,2,1761758238,
501,221,2,1779906339,1786731939.0
502,222,2,1757022844,1765666444.0
503,223,2,1773971785,1780278985.0
504,224,2,1773175548,1774125948.0
505,225,2,1774871242,1775476042.0
506,226,2,1776974413,1787083213.0
507,227,2,1778757017,1779966617.0
508,228,2,1779941650,1781410450.0
509,229,2,1762194836,1775151236.0
510,230,2,1760302150,1767649750.0
511,231,2,1761991447,
512,232,2,1764428402,1770735602.0
513,233,2,1779324628,
514,234,2,1778777196,1788453996.0
515,235,2,1773721717,1788150517.0
516,236,2,1751214149,1760631749.0
517,237,2,1758178895,1770278495.0
518,238,2,1768289762,1771659362.0
519,239,2,1776195615,1785613215.0
520,240,2,1765347941,1770099941.0
521,241,2,1766129394,1774506594.0
522,242,2,1780363480,1786497880.0
523,243,2,1775416313,1777230713.0
524,244,2,1756688336,1769306336.0
525,245,2,1772430184,
526,246,2,1755777483,
527,247,2,1777491918,1780343118.0
528,248,2,1755496183,
529,249,2,1770315704,1779297704.0
530,250,2,1778650451,1787290451.0
531,251,2,1754054144,1762265744.0
532,252,2,1762547879,1773171479.0
533,253,2,1758385031,1765559831.0
534,254,2,1747420391,1750876391.0
535,255,2,1748323148,1757740748.0
536,256,2,1766102720,1778886320.0
537,257,2,1754520691,1762213891.0
538,258,2,1780284107,
539,259,2,1779605879,1783580279.0
540,260,2,1747471913,1759740713.0
541,261,2,1778593334,1793022134.0
542,262,2,1777885498,
543,263,2,1768587945,
544,264,2,1773386287,1776669487.0
545,265,2,1751187021,1751619021.0
546,266,2,1775602524,1789944924.0
547,267,2,1774689520,1785662320.0
548,268,2,1780233665,1780838465.0
549,269,2,1751227533,
550,270,2,1770475021,
551,271,2,1761747152,
552,272,2,1746693105,1749025905.0
553,273,2,1757876410,1763668810.0
554,274,2,1755204748,1763675548.0
555,275,2,1780070742,1785254742.0
556,276,2,1765153157,1779751157.0
557,277,2,1777076364,1789517964.0
558,278,2,1764438987,1766512587.0
559,279,2,1751211693,
560,280,2,1777948171,
561,1,3,1756740449,1758814049.0
562,2,3,1751098022,1776413222.0
563,3,3,1760770060,1773384460.0
564,4,3,1773471803,1787641403.0
565,5,3,1762368121,1780162921.0
566,6,3,1750279002,1775594202.0
567,7,3,1778683422,
568,8,3,1766780793,1773170793.0
569,9,3,1747072865,1762628465.0
570,10,3,1764018085,
571,11,3,1754729857,1781254657.0
572,12,3,1751389980,1763662380.0
573,13,3,1772731339,1797441739.0
574,14,3,1767394382,1796856782.0
575,15,3,1754683206,1765832406.0
576,16,3,1760659436,1788912236.0
577,17,3,1769077260,1773307260.0
578,18,3,1774465775,1786648175.0
579,19,3,1779609388,1804496188.0
580,20,3,1748812864,1764714064.0
581,21,3,1764380853,
582,22,3,1769831878,1788317878.0
583,23,3,1780073793,
584,24,3,1777812032,
585,25,3,1760457376,1777478176.0
586,26,3,1762481930,1769134730.0
587,27,3,1768102728,1789699128.0
588,28,3,1780276693,
589,29,3,1779825153,1807300353.0
590,30,3,1747066308,1764781908.0
591,31,3,1776230926,
592,32,3,1758222637,1787253037.0
593,33,3,1779570118,1810501318.0
594,34,3,1770516834,
595,35,3,1772714883,1803646083.0
596,36,3,1771481821,
597,37,3,1772284404,1789906404.0
598,38,3,1748020227,1772388627.0
599,39,3,1765058405,1785704405.0
600,40,3,1774137656,
601,41,3,1762869342,1781182542.0
602,42,3,1772970742,1784375542.0
603,43,3,1774040335,
604,44,3,1770130481,
605,45,3,1767969117,1790602317.0
606,46,3,1776121477,1777935877.0
607,47,3,1748657391,
608,48,3,1777646776,1781621176.0
609,49,3,1762055401,1769662201.0
610,50,3,1756478701,
611,51,3,1748002250,1762866650.0
612,52,3,1753287838,1764955438.0
613,53,3,1747937724,1778609724.0
614,54,3,1778207598,1808447598.0
615,55,3,1773812533,1775108533.0
616,56,3,1780126033,
617,57,3,1777429874,
618,58,3,1764925800,1780301400.0
619,59,3,1772096543,1793347343.0
620,60,3,1753003755,1756200555.0
621,61,3,1779081064,1794463864.0
622,62,3,1773028431,1784001231.0
623,63,3,1775913153,1795011153.0
624,64,3,1757785369,1766169769.0
625,65,3,1750741373,1778130173.0
626,66,3,1759010964,1759442964.0
627,67,3,1780078517,1783102517.0
628,68,3,1771757561,1788169961.0
629,69,3,1776892395,1798755195.0
630,70,3,1779251140,1806467140.0
631,71,3,1779577779,1800058179.0
632,72,3,1779947663,1793339663.0
633,73,3,1763411906,1777491506.0
634,74,3,1777899946,1808831146.0
635,75,3,1764150515,1789807715.0
636,76,3,1777600805,1808532005.0
637,77,3,1771206591,1778806191.0
638,78,3,1751900526,1772035326.0
639,79,3,1776142147,
640,80,3,1774437562,1791631162.0
641,81,3,1765040092,1795539292.0
642,82,3,1761996090,1769602890.0
643,83,3,1751618017,1764754417.0
644,84,3,1772387744,1792860944.0
645,85,3,1779930731,1802743931.0
646,86,3,1766980537,1783392937.0
647,87,3,1773726634,1793425834.0
648,88,3,1769939502,1799056302.0
649,89,3,1758451648,
650,90,3,1747952978,1752013778.0
651,91,3,1776292890,1787006490.0
652,92,3,1758486021,1785702021.0
653,93,3,1780407203,1789738403.0
654,94,3,1755837382,1779597382.0
655,95,3,1779791822,1792924622.0
656,96,3,1778701082,
657,97,3,1749062837,1753469237.0
658,98,3,1768165265,1771016465.0
659,99,3,1758851102,1764902702.0
660,100,3,1778167168,
661,101,3,1775318000,1797180800.0
662,102,3,1778866954,1795718554.0
663,103,3,1763587041,
664,104,3,1767148659,1779673059.0
665,105,3,1775840811,1797617211.0
666,106,3,1747696405,1752016405.0
667,107,3,1768062580,1784129380.0
668,108,3,1777867467,1797051867.0
669,109,3,1758953556,1771744356.0
670,110,3,1772208786,1793895186.0
671,111,3,1771574765,1773817565.0
672,112,3,1774976711,1780679111.0
673,113,3,1769576087,1788753287.0
674,114,3,1778732292,1807676292.0
675,115,3,1759146588,
676,116,3,1772429085,1776313485.0
677,117,3,1779439231,1797154831.0
678,118,3,1764496316,1783673516.0
679,119,3,1777973526,1799317926.0
680,120,3,1768574364,1788442764.0
681,121,3,1754990413,
682,122,3,1750366970,1756414970.0
683,123,3,1771498386,1776246786.0
684,124,3,1767012710,1784116310.0
685,125,3,1759655033,1789808633.0
686,126,3,1765590109,1794534109.0
687,127,3,1760633644,1767549244.0
688,128,3,1755352991,1765206191.0
689,129,3,1761668092,1787933692.0
690,130,3,1780357882,1786751482.0
691,131,3,1756211619,1782995619.0
692,132,3,1777634024,1808392424.0
693,133,3,1763724724,
694,134,3,1750678978,1759232578.0
695,135,3,1777570795,1788370795.0
696,136,3,1761863999,1788388799.0
697,137,3,1778684157,1794844557.0
698,138,3,1761628639,
699,139,3,1749495752,1779908552.0
700,140,3,1769673444,
701,141,3,1775224642,1776088642.0
702,142,3,1757366466,1775164866.0
703,143,3,1764855660,1783428060.0
704,144,3,1748719819,1772742619.0
705,145,3,1764927937,1787733937.0
706,146,3,1778855101,1793546701.0
707,147,3,1775756868,
708,148,3,1778926219,1810030219.0
709,149,3,1778517179,1789576379.0
710,150,3,1768171631,1795301231.0
711,151,3,1773464919,1781413719.0
712,152,3,1763793303,1771223703.0
713,153,3,1750635686,1762303286.0
714,154,3,1753339128,
715,155,3,1751230391,
716,156,3,1774330110,1793510910.0
717,157,3,1747407279,1773154479.0
718,158,3,1765330308,1768008708.0
719,159,3,1759041252,1770536052.0
720,160,3,1776042493,1781399293.0
721,161,3,1765249681,1766027281.0
722,162,3,1778525395,1785350995.0
723,163,3,1749442263,1778645463.0
724,164,3,1757016828,1771362828.0
725,165,3,1780456249,1802923849.0
726,166,3,1770927763,1793996563.0
727,167,3,1764368501,1785187301.0
728,168,3,1772635536,1776692736.0
729,169,3,1774471453,1799617453.0
730,170,3,1749019020,1765525020.0
731,171,3,1779835219,1788734419.0
732,172,3,1774629532,
733,173,3,1761793773,
734,174,3,1769611636,1797950836.0
735,175,3,1758722573,
736,176,3,1776326112,1790150112.0
737,177,3,1773008783,1794957983.0
738,178,3,1768242730,1780853530.0
739,179,3,1752693394,
740,180,3,1779324508,1796003308.0
741,181,3,1761204440,1783754840.0
742,182,3,1777715937,1803034737.0
743,183,3,1754680503,1767816903.0
744,184,3,1750730715,
745,185,3,1768106270,1782358670.0
746,186,3,1778665659,
747,187,3,1757470810,1762485610.0
748,188,3,1770603914,1788830714.0
749,189,3,1758264082,1778481682.0
750,190,3,1779484563,1786655763.0
751,191,3,1777782793,1804656793.0
752,192,3,1777608064,1781841664.0
753,193,3,1755024153,1757443353.0
754,194,3,1775172780,
755,195,3,1775192206,1795413406.0
756,196,3,1750764982,1755516982.0
757,197,3,1770293723,1780312523.0
758,198,3,1771364105,1799444105.0
759,199,3,1766247987,1769790387.0
760,200,3,1775872889,
761,201,3,1778487253,1793348053.0
762,202,3,1751896652,1777471052.0
763,203,3,1768885806,1785989406.0
764,204,3,1770987629,1779451229.0
765,205,3,1767066012,1794454812.0
766,206,3,1775123074,1793529874.0
767,207,3,1765656163,1782846163.0
768,208,3,1774535862,
769,209,3,1747478227,1771760227.0
770,210,3,1755316009,
771,211,3,1768299089,1789981889.0
772,212,3,1766102782,1778281582.0
773,213,3,1768627648,1781238448.0
774,214,3,1772560646,1798653446.0
775,215,3,1772912564,1802202164.0
776,216,3,1768215473,
777,217,3,1763429381,1773361781.0
778,218,3,1767813879,1775672679.0
779,219,3,1756350659,
780,220,3,1778998047,
781,221,3,1779844570,1805159770.0
782,222,3,1773838147,1795873747.0
783,223,3,1769777401,1772455801.0
784,224,3,1770822027,1771081227.0
785,225,3,1748992613,
786,226,3,1775271695,1789786895.0
787,227,3,1762316818,1768796818.0
788,228,3,1762961243,
789,229,3,1753442442,1782991242.0
790,230,3,1769428620,1775645820.0
791,231,3,1759920066,1788432066.0
792,232,3,1770910555,1795966555.0
793,233,3,1771448299,
794,234,3,1779182914,1787131714.0
795,235,3,1779633823,1787669023.0
796,236,3,1750954990,
797,237,3,1761761447,
798,238,3,1765589379,1792456179.0
799,239,3,1757350443,1785862443.0
800,240,3,1762357569,1765986369.0
801,241,3,1768764867,1772912067.0
802,242,3,1779950161,1794987361.0
803,243,3,1749802059,1752998859.0
804,244,3,1756859612,1759192412.0
805,245,3,1759558684,
806,246,3,1767413664,1784344464.0
807,247,3,1756828401,
808,248,3,1776524910,1807110510.0
809,249,3,1765299792,
810,250,3,1757632948,1769386948.0
811,251,3,1766133878,1782978278.0
812,252,3,1758023819,
813,253,3,1772430338,1799819138.0
814,254,3,1763437106,1792550306.0
815,255,3,1763995984,1768661584.0
816,256,3,1766009008,1790715808.0
817,257,3,1756991353,1769695753.0
818,258,3,1747301755,1771842955.0
819,259,3,1780394289,1799492289.0
820,260,3,1763680867,1785104467.0
821,261,3,1779566221,1792699021.0
822,262,3,1767860656,1785655456.0
823,263,3,1758497423,1787095823.0
824,264,3,1748230909,
825,265,3,1763322631,1775155831.0
826,266,3,1779666896,
827,267,3,1768733930,1799751530.0
828,268,3,1780058328,1804253928.0
829,269,3,1764741841,1767679441.0
830,270,3,1775280707,1799217107.0
831,271,3,1761147038,1771777838.0
832,272,3,1776478760,
833,273,3,1773783701,1796856101.0
834,274,3,1772455309,1777981309.0
835,275,3,1778936075,
836,276,3,1760116629,1768846629.0
837,277,3,1775123616,
838,278,3,1753124359,
839,279,3,1765766413,
840,280,3,1777188078,
841,1,4,1763640497,1781003297.0
842,2,4,1773203092,
843,3,4,1756012771,
844,4,4,1780099572,1806278772.0
845,5,4,1769814766,1776550366.0
846,6,4,1750549051,
847,7,4,1780000679,1784666279.0
848,8,4,1759889879,
849,9,4,1773505694,1802712494.0
850,10,4,1758028509,1770473709.0
851,11,4,1778396986,1796371786.0
852,12,4,1772153393,1782863393.0
853,13,4,1769608980,1786280580.0
854,14,4,1763805756,1776416556.0
855,15,4,1763498645,1773776645.0
856,16,4,1748053084,1762485484.0
857,17,4,1751167897,1759721497.0
858,18,4,1776090478,1797780478.0
859,19,4,1762604477,
860,20,4,1762031937,1776028737.0
861,21,4,1767104097,
862,22,4,1770008523,1777867323.0
863,23,4,1757650945,
864,24,4,1778163266,1794323666.0
865,25,4,1752973267,
866,26,4,1780151355,1785853755.0
867,27,4,1771622136,1791576936.0
868,28,4,1773325553,1789050353.0
869,29,4,1779896626,1810568626.0
870,30,4,1774639531,1800131131.0
871,31,4,1771099445,1781291045.0
872,32,4,1770583801,1771707001.0
873,33,4,1778110574,1799282174.0
874,34,4,1775535016,1776139816.0
875,35,4,1759022463,
876,36,4,1769397630,1781749230.0
877,37,4,1780223372,1791628172.0
878,38,4,1766338122,1794158922.0
879,39,4,1773568769,1803121169.0
880,40,4,1771146928,1797671728.0
881,41,4,1773812601,1776836601.0
882,42,4,1747419609,1759861209.0
883,43,4,1774160038,
884,44,4,1779351878,1790238278.0
885,45,4,1773098461,
886,46,4,1775306326,1805632726.0
887,47,4,1766132091,1779434091.0
888,48,4,1776955629,1778770029.0
889,49,4,1766332049,
890,50,4,1752304571,1782890171.0
891,51,4,1767877077,
892,52,4,1767561653,1775334053.0
893,53,4,1775076797,1779569597.0
894,54,4,1751532553,1776502153.0
895,55,4,1776083953,1791117553.0
896,56,4,1749845935,1763673535.0
897,57,4,1780125419,1806218219.0
898,58,4,1761935888,1790188688.0
899,59,4,1747157822,1755970622.0
900,60,4,1757166291,1770561891.0
901,61,4,1778637091,1787709091.0
902,62,4,1769964474,
903,63,4,1760449247,1768660847.0
904,64,4,1772832739,1780864339.0
905,65,4,1777771272,1787275272.0
906,66,4,1776151499,1798014299.0
907,67,4,1779534229,1798977829.0
908,68,4,1748629573,
909,69,4,1751203418,1760275418.0
910,70,4,1778894829,
911,71,4,1757551921,1758588721.0
912,72,4,1780119796,1811050996.0
913,73,4,1764361081,1786821481.0
914,74,4,1757168332,
915,75,4,1752395243,1775636843.0
916,76,4,1779202057,
917,77,4,1758138582,1779997782.0
918,78,4,1760441532,
919,79,4,1777987789,1788269389.0
920,80,4,1770997537,1772207137.0
921,81,4,1768362089,1797392489.0
922,82,4,1772126815,1795973215.0
923,83,4,1768244353,1773251953.0
924,84,4,1761208408,1779870808.0
925,85,4,1779884093,1786882493.0
926,86,4,1765468343,1784299943.0
927,87,4,1771365477,1798408677.0
928,88,4,1779550174,
929,89,4,1756620362,1769324762.0
930,90,4,1756327993,1765403593.0
931,91,4,1754991274,
932,92,4,1770456417,1777796817.0
933,93,4,1757279981,1778793581.0
934,94,4,1758358481,1763459681.0
935,95,4,1778218782,1782452382.0
936,96,4,1773522947,1785100547.0
937,97,4,1755800105,
938,98,4,1750653059,1758601859.0
939,99,4,1769493243,1799646843.0
940,100,4,1773288347,1775534747.0
941,101,4,1780151171,1794929171.0
942,102,4,1774302970,1778622970.0
943,103,4,1779575830,1797464230.0
944,104,4,1773835691,1795180091.0
945,105,4,1765453901,
946,106,4,1756281345,1759132545.0
947,107,4,1776666478,1803022078.0
948,108,4,1772793109,1800009109.0
949,109,4,1761535769,1792034969.0
950,110,4,1770515897,
951,111,4,1769761802,1788161402.0
952,112,4,1769374046,1770151646.0
953,113,4,1764805921,1790549521.0
954,114,4,1778195814,
955,115,4,1770157035,1800829035.0
956,116,4,1751175930,1762411530.0
957,117,4,1779540245,1786365845.0
958,118,4,1766444346,
959,119,4,1777328321,1784499521.0
960,120,4,1769262746,1776775946.0
961,121,4,1764550019,1777074419.0
962,122,4,1768179935,1786233935.0
963,123,4,1748297146,1773871546.0
964,124,4,1764708773,1770151973.0
965,125,4,1770876436,1788930436.0
966,126,4,1749928822,1754162422.0
967,127,4,1774310392,1797037192.0
968,128,4,1746690737,1761983537.0
969,129,4,1765205731,1785506131.0
970,130,4,1778283093,1807572693.0
971,131,4,1760331423,1789707423.0
972,132,4,1778264001,
973,133,4,1776467110,1799798710.0
974,134,4,1762730260,
975,135,4,1764703523,
976,136,4,1779244693,1790735893.0
977,137,4,1768508773,
978,138,4,1768449992,1777086392.0
979,139,4,1777343981,1805596781.0
980,140,4,1749552456,1769687256.0
981,141,4,1766013212,1788300812.0
982,142,4,1764689602,1784039602.0
983,143,4,1773843430,1781878630.0
984,144,4,1778319596,
985,145,4,1777523697,1804570497.0
986,146,4,1768214402,1795344002.0
987,147,4,1776736129,1792115329.0
988,148,4,1776054864,1794548064.0
989,149,4,1778310555,1802765355.0
990,150,4,1780373968,
991,151,4,1759994830,1787815630.0
992,152,4,1763339259,
993,153,4,1778317537,1786439137.0
994,154,4,1779184163,1784540963.0
995,155,4,1777958663,1807680263.0
996,156,4,1776859856,
997,157,4,1746829468,
998,158,4,1765803658,1770728458.0
999,159,4,1750158216,1759230216.0
1000,160,4,1780086505,
1001,161,4,1756177147,1759114747.0
1002,162,4,1780415375,1782056975.0
1003,163,4,1764966276,1795033476.0
1004,164,4,1763289295,1788341695.0
1005,165,4,1778383809,
1006,166,4,1775412703,1777745503.0
1007,167,4,1762410138,
1008,168,4,1753061749,1777685749.0
1009,169,4,1750339743,1770128943.0
1010,170,4,1752032325,1780889925.0
1011,171,4,1768038155,1776933755.0
1012,172,4,1768345032,1776376632.0
1013,173,4,1752837226,
1014,174,4,1771530407,1773514007.0
1015,175,4,1773528173,1799624573.0
1016,176,4,1765797524,1772882324.0
1017,177,4,1772232087,1800139287.0
1018,178,4,1752473764,1778048164.0
1019,179,4,1775585425,1799089825.0
1020,180,4,1776974066,1799528066.0
1021,181,4,1774595404,1790233804.0
1022,182,4,1765522528,1781675728.0
1023,183,4,1755535749,1776790149.0
1024,184,4,1769243116,
1025,185,4,1768570101,1788524901.0
1026,186,4,1778613721,
1027,187,4,1757502759,1771935159.0
1028,188,4,1754937288,1766518488.0
1029,189,4,1755369816,
1030,190,4,1767725763,1790445363.0
1031,191,4,1774172474,
1032,192,4,1779616150,1784108950.0
1033,193,4,1756767431,1757285831.0
1034,194,4,1776447584,1786124384.0
1035,195,4,1768857574,1792873174.0
1036,196,4,1768714349,1788150749.0
1037,197,4,1775983929,1782982329.0
1038,198,4,1762160264,1765616264.0
1039,199,4,1755252641,1780913441.0
1040,200,4,1776636916,1796771716.0
1041,201,4,1760280802,1790261602.0
1042,202,4,1763667547,1766691547.0
1043,203,4,1776908723,1780364723.0
1044,204,4,1770407819,1800993419.0
1045,205,4,1757074118,1776686918.0
1046,206,4,1750501675,1757672875.0
1047,207,4,1777622190,1801990590.0
1048,208,4,1756532860,1785390460.0
1049,209,4,1767388130,1792181330.0
1050,210,4,1759892476,1777518076.0
1051,211,4,1751050154,1766519354.0
1052,212,4,1751716246,
1053,213,4,1771907885,1799383085.0
1054,214,4,1767086387,1792397987.0
1055,215,4,1772902959,
1056,216,4,1765167767,1789701767.0
1057,217,4,1762505461,1771491061.0
1058,218,4,1764769920,1770645120.0
1059,219,4,1769067859,1772351059.0
1060,220,4,1753931010,1781406210.0
1061,221,4,1779559734,1804878534.0
1062,222,4,1772145732,1772577732.0
1063,223,4,1776162275,1804764275.0
1064,224,4,1767860701,1782717901.0
1065,225,4,1761684216,1775421816.0
1066,226,4,1778831945,1782633545.0
1067,227,4,1750600528,1774619728.0
1068,228,4,1765674861,1769217261.0
1069,229,4,1748611806,1774531806.0
1070,230,4,1767771590,1769585990.0
1071,231,4,1765690432,
1072,232,4,1765964599,1782376999.0
1073,233,4,1751603067,1764653067.0
1074,234,4,1774258581,1790588181.0
1075,235,4,1764186701,
1076,236,4,1750461753,1757978553.0
1077,237,4,1756853260,1782082060.0
1078,238,4,1766319296,
1079,239,4,1749602741,1765676741.0
1080,240,4,1763848297,1775767897.0
1081,241,4,1777412134,1793572534.0
1082,242,4,1780092212,
1083,243,4,1763945833,1768697833.0
1084,244,4,1762404544,
1085,245,4,1748475263,1772757263.0
1086,246,4,1762218547,1788394147.0
1087,247,4,1774397565,1791245565.0
1088,248,4,1772368584,1787830584.0
1089,249,4,1769565883,1791939883.0
1090,250,4,1774237632,1797223632.0
1091,251,4,1771842340,1788081940.0
1092,252,4,1766701583,1785273983.0
1093,253,4,1748052624,1769483424.0
1094,254,4,1758213346,1776616546.0
1095,255,4,1748679780,1756023780.0
1096,256,4,1780300422,
1097,257,4,1778248745,1786456745.0
1098,258,4,1748858358,
1099,259,4,1780378451,
1100,260,4,1747592363,
1101,261,4,1764436396,1791475996.0
1102,262,4,1776757288,1795164088.0
1103,263,4,1772522232,
1104,264,4,1779734302,1791657502.0
1105,265,4,1768449412,
1106,266,4,1776513622,1793448022.0
1107,267,4,1780227444,1802781444.0
1108,268,4,1779989816,1788025016.0
1109,269,4,1776042930,1799806530.0
1110,270,4,1777304265,1783265865.0
1111,271,4,1759269919,1789509919.0
1112,272,4,1769700645,1771860645.0
1113,273,4,1772174800,
1114,274,4,1764830448,1780551648.0
1115,275,4,1779631829,1810649429.0
1116,276,4,1758323396,1768867796.0
1117,277,4,1770252497,1794530897.0
1118,278,4,1764761119,1765279519.0
1119,279,4,1764963850,1794167050.0
1120,280,4,1779505964,1784430764.0
1121,1,5,1754076290,1755804290.0
1122,2,5,1749732333,1751805933.0
1123,3,5,1747286782,1749014782.0
1124,4,5,1756645774,1757596174.0
1125,5,5,1769584689,1770880689.0
1126,6,5,1765005150,1765869150.0
1127,7,5,1771657475,1772435075.0
1128,8,5,1774472168,1776372968.0
1129,9,5,1754919120,1756906320.0
1130,10,5,1758268723,1760169523.0
1131,11,5,1755874541,1756306541.0
1132,12,5,1778344756,1779640756.0
1133,13,5,1776740004,1778640804.0
1134,14,5,1750346462,1751901662.0
1135,15,5,1774000793,1775642393.0
1136,16,5,1760750198,1762395398.0
1137,17,5,1772529898,1773735898.0
1138,18,5,1779706699,1780657099.0
1139,19,5,1747046056,1748860456.0
1140,20,5,1753512342,1753944342.0
1141,21,5,1749940768,1751755168.0
1142,22,5,1759595247,1761496047.0
1143,23,5,1766816305,1767075505.0
1144,24,5,1778701111,1779133111.0
1145,25,5,1749236140,1750877740.0
1146,26,5,1771663620,1773474420.0
1147,27,5,1760173800,1761729000.0
1148,28,5,1772667535,
1149,29,5,1779793720,1781608120.0
1150,30,5,1775842933,1777138933.0
1151,31,5,1761556609,1762424209.0
1152,32,5,1763628284,1765356284.0
1153,33,5,1778075102,1778507102.0
1154,34,5,1775536019,1777264019.0
1155,35,5,1771357222,1773168022.0
1156,36,5,1757343238,1758120838.0
1157,37,5,1775536932,1776487332.0
1158,38,5,1769354355,1771255155.0
1159,39,5,1757403048,1757835048.0
1160,40,5,1756761271,1758489271.0
1161,41,5,1762190092,1763313292.0
1162,42,5,1768936044,1769886444.0
1163,43,5,1771118634,1772069034.0
1164,44,5,1756718369,1758359969.0
1165,45,5,1748584628,1750226228.0
1166,46,5,1779282424,1780751224.0
1167,47,5,1776385661,1778545661.0
1168,48,5,1779354605,1779873005.0
1169,49,5,1767774122,1769502122.0
1170,50,5,1761020481,
1171,51,5,1763347302,1764729702.0
1172,52,5,1779529109,1780825109.0
1173,53,5,1778486554,1780300954.0
1174,54,5,1769313969,1770177969.0
1175,55,5,1777527469,1778132269.0
1176,56,5,1758926748,1759531548.0
1177,57,5,1776586924,1777710124.0
1178,58,5,1762758268,1764572668.0
1179,59,5,1759297580,1760075180.0
1180,60,5,1772134749,1773599949.0
1181,61,5,1779332800,1781060800.0
1182,62,5,1775354341,1775872741.0
1183,63,5,1756726365,1758540765.0
1184,64,5,1770544311,1771581111.0
1185,65,5,1773875090,1775343890.0
1186,66,5,1777575019,1779562219.0
1187,67,5,1778919795,1780042995.0
1188,68,5,1779376173,1779808173.0
1189,69,5,1765441183,1767428383.0
1190,70,5,1778749269,
1191,71,5,1754761109,1755970709.0
1192,72,5,1779644019,1780335219.0
1193,73,5,1768477426,1770551026.0
1194,74,5,1777829171,1778606771.0
1195,75,5,1775279383,1776834583.0
1196,76,5,1767378944,1767810944.0
1197,77,5,1771121818,1772417818.0
1198,78,5,1755360682,1757347882.0
1199,79,5,1772509780,1772855380.0
1200,80,5,1769393064,1770948264.0
1201,81,5,1766990738,1768718738.0
1202,82,5,1777030454,1777721654.0
1203,83,5,1755008203,1756822603.0
1204,84,5,1774787317,1775996917.0
1205,85,5,1780255619,1781292419.0
1206,86,5,1765494279,1765753479.0
1207,87,5,1774352673,1775389473.0
1208,88,5,1776037958,1777593158.0
1209,89,5,1757820669,1759721469.0
1210,90,5,1779010597,1780392997.0
1211,91,5,1748822037,1750982037.0
1212,92,5,1778336247,1779286647.0
1213,93,5,1779182335,1781083135.0
1214,94,5,1750498295,1752226295.0
1215,95,5,1780455467,1781146667.0
1216,96,5,1762780254,1764249054.0
1217,97,5,1754752100,1755011300.0
1218,98,5,1767040974,1767559374.0
1219,99,5,1753459084,1753718284.0
1220,100,5,1779487368,1780610568.0
1221,101,5,1773271735,1774481335.0
1222,102,5,1772851128,1773452328.0
1223,103,5,1768273131,1769828331.0
1224,104,5,1764638596,1765934596.0
1225,105,5,1766910406,1767774406.0
1226,106,5,1755396177,1755741777.0
1227,107,5,1773987731,1776061331.0
1228,108,5,1774562807,1775599607.0
1229,109,5,1749863062,1751591062.0
1230,110,5,1780219816,1780997416.0
1231,111,5,1769564625,1770083025.0
1232,112,5,1778240596,1779190996.0
1233,113,5,1777561074,1777906674.0
1234,114,5,1759102159,1759706959.0
1235,115,5,1760569881,1761001881.0
1236,116,5,1765619039,
1237,117,5,1778586106,1779795706.0
1238,118,5,1751469634,1752074434.0
1239,119,5,1777404282,1779391482.0
1240,120,5,1778254703,1779032303.0
1241,121,5,1766183313,1767133713.0
1242,122,5,1760693747,1761730547.0
1243,123,5,1751689959,1753417959.0
1244,124,5,1762466812,1764367612.0
1245,125,5,1759412335,1760017135.0
1246,126,5,1774811797,1776280597.0
1247,127,5,1767019630,1767710830.0
1248,128,5,1768745744,1770646544.0
1249,129,5,1769772503,1771500503.0
1250,130,5,1757562392,1759290392.0
1251,131,5,1774412118,1775535318.0
1252,132,5,1779332781,1779937581.0
1253,133,5,1768678754,1769456354.0
1254,134,5,1763176671,1765250271.0
1255,135,5,1764088468,1764434068.0
1256,136,5,1773508352,1774285952.0
1257,137,5,1765831409,1767300209.0
1258,138,5,1770976789,1772359189.0
1259,139,5,1763099278,1765000078.0
1260,140,5,1777648302,1778685102.0
1261,141,5,1764926765,1765445165.0
1262,142,5,1768311168,1769952768.0
1263,143,5,1757942822,1759670822.0
1264,144,5,1747663292,1749650492.0
1265,145,5,1775264578,1776646978.0
1266,146,5,1779655451,1780951451.0
1267,147,5,1769953113,1771853913.0
1268,148,5,1779207610,1780330810.0
1269,149,5,1764684343,1765807543.0
1270,150,5,1775123574,1776851574.0
1271,151,5,1754373167,
1272,152,5,1770530483,1770876083.0
1273,153,5,1746825200,1747862000.0
1274,154,5,1763690662,1764813862.0
1275,155,5,1759186904,1760137304.0
1276,156,5,1769280146,1771094546.0
1277,157,5,1769158190,1769762990.0
1278,158,5,1767452438,1768402838.0
1279,159,5,1762925693,1763703293.0
1280,160,5,1768924511,1769615711.0
1281,161,5,1746739323,1747257723.0
1282,162,5,1778223196,1780037596.0
1283,163,5,1746917201,1748040401.0
1284,164,5,1764494882,1765013282.0
1285,165,5,1755843676,1757744476.0
1286,166,5,1779705306,1780050906.0
1287,167,5,1747096880,1747701680.0
1288,168,5,1774125716,1776199316.0
1289,169,5,1769405323,1771306123.0
1290,170,5,1773888385,1775184385.0
1291,171,5,1778396375,1778741975.0
1292,172,5,1765891535,1767273935.0
1293,173,5,1749785157,1751513157.0
1294,174,5,1751570643,1753298643.0
1295,175,5,1753660245,1754092245.0
1296,176,5,1764394318,1766208718.0
1297,177,5,1774195567,1775405167.0
1298,178,5,1755591864,1756628664.0
1299,179,5,1759991497,1761460297.0
1300,180,5,1759181841,1760045841.0
1301,181,5,1760301541,1760733541.0
1302,182,5,1767056179,1767660979.0
1303,183,5,1780203338,1782363338.0
1304,184,5,1754183828,1755307028.0
1305,185,5,1775856502,1777498102.0
1306,186,5,1780141392,1780746192.0
1307,187,5,1768716127,1770789727.0
1308,188,5,1775655803,1776433403.0
1309,189,5,1772310289,1774293889.0
1310,190,5,1765357539,1767431139.0
1311,191,5,1764598649,1764857849.0
1312,192,5,1772164581,1773456981.0
1313,193,5,1748420193,1749975393.0
1314,194,5,1766095571,1767737171.0
1315,195,5,1770737025,1771082625.0
1316,196,5,1763491191,1764787191.0
1317,197,5,1772207775,1773413775.0
1318,198,5,1776259645,
1319,199,5,1768057794,1770044994.0
1320,200,5,1779684577,
1321,201,5,1749752830,1750703230.0
1322,202,5,1764533684,1765138484.0
1323,203,5,1747959653,
1324,204,5,1753693508,1754557508.0
1325,205,5,1775991882,1777028682.0
1326,206,5,1776651884,1777429484.0
1327,207,5,1762664107,1763441707.0
1328,208,5,1748095821,1749737421.0
1329,209,5,1749039303,1749644103.0
1330,210,5,1778509010,1778941010.0
1331,211,5,1777051106,1778174306.0
1332,212,5,1765652490,1766775690.0
1333,213,5,1747631986,1749100786.0
1334,214,5,1778051247,1779001647.0
1335,215,5,1771589321,1771848521.0
1336,216,5,1779161678,1780976078.0
1337,217,5,1766451328,1766710528.0
1338,218,5,1772061350,1773699350.0
1339,219,5,1770718658,1771409858.0
1340,220,5,1760039021,1760816621.0
1341,221,5,1779353463,
1342,222,5,1752030830,
1343,223,5,1754680081,1755457681.0
1344,224,5,1778198495,1779667295.0
1345,225,5,1759728690,1761197490.0
1346,226,5,1779897828,1781798628.0
1347,227,5,1758818046,1760718846.0
1348,228,5,1772175263,1774158863.0
1349,229,5,1751266850,1752735650.0
1350,230,5,1780146461,1781010461.0
1351,231,5,1772227635,1773952035.0
1352,232,5,1763522921,
1353,233,5,1779598143,1780634943.0
1354,234,5,1771725212,1772762012.0
1355,235,5,1761356219,1761961019.0
1356,236,5,1774992165,1776633765.0
1357,237,5,1760871361,1763034961.0
1358,238,5,1772630140,1772889340.0
1359,239,5,1778937207,1779714807.0
1360,240,5,1759984931,1761972131.0
1361,241,5,1776850501,1777368901.0
1362,242,5,1779799277,
1363,243,5,1755795673,1757437273.0
1364,244,5,1780223376,1780568976.0
1365,245,5,1763176938,1765250538.0
1366,246,5,1758596440,1760756440.0
1367,247,5,1778618966,1780087766.0
1368,248,5,1763832653,1764610253.0
1369,249,5,1774686057,1776241257.0
1370,250,5,1768951646,1770506846.0
1371,251,5,1749424560,1750806960.0
1372,252,5,1768017900,1769745900.0
1373,253,5,1773612923,1774390523.0
1374,254,5,1770732142,1771077742.0
1375,255,5,1749300417,1751201217.0
1376,256,5,1756062846,1757445246.0
1377,257,5,1770683540,1772757140.0
1378,258,5,1768042631,1768733831.0
1379,259,5,1780110099,1780455699.0
1380,260,5,1757267672,1758563672.0
1381,261,5,1756231083,1756663083.0
1382,262,5,1764486689,1765437089.0
1383,263,5,1756982083,1757759683.0
1384,264,5,1758735870,1760723070.0
1385,265,5,1755674773,1757575573.0
1386,266,5,1774548839,1776449639.0
1387,267,5,1752877725,1754778525.0
1388,268,5,1780041420,
1389,269,5,1765354707,1766909907.0
1390,270,5,1760370021,1761406821.0
1391,271,5,1747406528,1749393728.0
1392,272,5,1758532030,1760432830.0
1393,273,5,1758215973,1759943973.0
1394,274,5,1766825096,1768985096.0
1395,275,5,1778835661,1780477261.0
1396,276,5,1759595630,1760718830.0
1397,277,5,1771663048,1771922248.0
1398,278,5,1759682611,1761756211.0
1399,279,5,1750339772,1750944572.0
1400,280,5,1780119784,1781847784.0
1401,1,6,1777251304,
1402,2,6,1779796752,1781438352.0
1403,3,6,1765939430,1767667430.0
1404,4,6,1752273022,1753482622.0
1405,5,6,1759817165,
1406,6,6,1751229141,1752957141.0
1407,7,6,1767310267,1769211067.0
1408,8,6,1763262522,1764385722.0
1409,9,6,1748663048,1749527048.0
1410,10,6,1761274319,1762919519.0
1411,11,6,1760813414,
1412,12,6,1762960571,
1413,13,6,1767952222,1769507422.0
1414,14,6,1755061314,1756616514.0
1415,15,6,1754887815,
1416,16,6,1767741543,
1417,17,6,1766681215,
1418,18,6,1775187647,1775533247.0
1419,19,6,1750147068,
1420,21,6,1756859523,
1421,22,6,1779364586,1780833386.0
1422,23,6,1757795301,
1423,24,6,1778205737,1779242537.0
1424,25,6,1774037438,1775074238.0
1425,26,6,1757704454,1758222854.0
1426,27,6,1757880835,1759781635.0
1427,28,6,1778588735,
1428,29,6,1780348615,1782508615.0
1429,30,6,1779594817,1780631617.0
1430,31,6,1763157387,1763762187.0
1431,32,6,1757403049,1758699049.0
1432,33,6,1780292351,1782193151.0
1433,34,6,1759065606,
1434,35,6,1757182956,1758306156.0
1435,36,6,1779267124,
1436,37,6,1780086296,
1437,38,6,1756410980,
1438,39,6,1770115829,
1439,40,6,1763190651,
1440,41,6,1771422524,
1441,42,6,1754746365,
1442,43,6,1772976673,1774877473.0
1443,44,6,1774239034,1776312634.0
1444,45,6,1759856990,1761412190.0
1445,46,6,1760028455,1761497255.0
1446,47,6,1765664056,1767478456.0
1447,48,6,1775326188,
1448,49,6,1765045344,1767032544.0
1449,50,6,1769666088,
1450,51,6,1765197126,1766061126.0
1451,52,6,1778874262,1779997462.0
1452,53,6,1762192874,1763575274.0
1453,54,6,1770571144,
1454,55,6,1772759318,
1455,56,6,1758060191,
1456,57,6,1778426494,1780327294.0
1457,58,6,1776700428,
1458,59,6,1773531486,
1459,61,6,1779193745,
1460,62,6,1763472340,1765027540.0
1461,64,6,1768023451,1769837851.0
1462,65,6,1754732677,1755337477.0
1463,66,6,1768883432,1770784232.0
1464,67,6,1779461253,
1465,68,6,1773308059,
1466,69,6,1749026300,1750408700.0
1467,70,6,1780451520,
1468,71,6,1762790910,
1469,72,6,1779848754,
1470,73,6,1763720533,1765448533.0
1471,75,6,1777766900,
1472,76,6,1776021728,1776280928.0
1473,77,6,1764977981,1766101181.0
1474,78,6,1773978665,1774756265.0
1475,79,6,1773497581,1774793581.0
1476,80,6,1776921733,1777958533.0
1477,81,6,1764749150,1765181150.0
1478,82,6,1770626316,
1479,83,6,1751772105,
1480,84,6,1774960385,1776342785.0
1481,85,6,1780203751,
1482,86,6,1758569195,
1483,87,6,1776322107,1777790907.0
1484,88,6,1748018903,1748278103.0
1485,89,6,1779913413,1781555013.0
1486,90,6,1769522093,
1487,93,6,1760083900,1761898300.0
1488,94,6,1772075894,1773713894.0
1489,95,6,1779305906,
1490,96,6,1761131004,1763035404.0
1491,97,6,1746872951,
1492,98,6,1755300313,1757287513.0
1493,99,6,1763858513,
1494,100,6,1774898833,
1495,102,6,1766230014,
1496,103,6,1772106077,1773312077.0
1497,104,6,1761651299,1761996899.0
1498,105,6,1767585128,1769399528.0
1499,106,6,1772743434,
1500,107,6,1774995942,
1501,108,6,1774600273,
1502,110,6,1771701403,1772133403.0
1503,111,6,1760411886,1761362286.0
1504,112,6,1768017523,
1505,113,6,1760639328,
1506,114,6,1779170462,
1507,115,6,1750455957,1752615957.0
1508,116,6,1778455647,
1509,118,6,1751325408,
1510,119,6,1777616271,
1511,120,6,1761975710,
1512,121,6,1753539021,1755612621.0
1513,122,6,1762916248,1764125848.0
1514,123,6,1762686593,
1515,125,6,1761392812,
1516,126,6,1770177136,
1517,127,6,1762172425,1764246025.0
1518,128,6,1756710326,1758092726.0
1519,129,6,1774024825,1776098425.0
1520,130,6,1753174982,
1521,131,6,1775348877,
1522,132,6,1768520348,
1523,133,6,1769845543,
1524,134,6,1752095476,1752613876.0
1525,135,6,1780152852,
1526,136,6,1754796912,1756870512.0
1527,137,6,1765922842,1768082842.0
1528,138,6,1751952240,1752211440.0
1529,140,6,1765528183,1766996983.0
1530,141,6,1779059590,1779405190.0
1531,142,6,1754387501,
1532,143,6,1766234719,
1533,144,6,1752777896,
1534,145,6,1768265988,1770166788.0
1535,146,6,1772034663,
1536,147,6,1749686851,
1537,148,6,1778402848,
1538,149,6,1758901786,
1539,150,6,1766626776,
1540,151,6,1759717796,1761100196.0
1541,152,6,1770447838,
1542,153,6,1753502253,
1543,154,6,1772063762,1773356162.0
1544,156,6,1774867772,1776336572.0
1545,157,6,1748639164,1749935164.0
1546,158,6,1749969811,1751352211.0
1547,159,6,1776123032,
1548,160,6,1762139219,1762571219.0
1549,161,6,1757583682,
1550,163,6,1762051016,
1551,166,6,1755423062,1756546262.0
1552,167,6,1775805796,
1553,168,6,1764437069,
1554,169,6,1768219459,
1555,170,6,1766788663,
1556,171,6,1771540534,1773696934.0
1557,172,6,1773725952,
1558,173,6,1758328650,1760402250.0
1559,175,6,1775344651,
1560,176,6,1767481073,
1561,177,6,1774145445,
1562,178,6,1770490375,1771267975.0
1563,180,6,1756614598,1758774598.0
1564,181,6,1767383344,
1565,182,6,1752239357,
1566,183,6,1756824695,1757170295.0
1567,184,6,1750516815,
1568,185,6,1770331036,1772059036.0
1569,186,6,1778705376,
1570,187,6,1770064176,
1571,189,6,1763863560,1764209160.0
1572,190,6,1770772620,
1573,191,6,1758421473,
1574,192,6,1769025396,
1575,193,6,1752822104,1753254104.0
1576,194,6,1775179233,
1577,195,6,1776867714,
1578,197,6,1775290229,1775981429.0
1579,198,6,1780468038,
1580,199,6,1767744811,
1581,200,6,1777647924,1778166324.0
1582,201,6,1751278596,
1583,203,6,1757196427,1759270027.0
1584,204,6,1761828628,
1585,205,6,1748335181,1749112781.0
1586,206,6,1758706046,1759224446.0
1587,207,6,1746840207,1748049807.0
1588,208,6,1751150863,
1589,210,6,1775600570,
1590,211,6,1779241809,
1591,213,6,1763680649,1764371849.0
1592,214,6,1763325200,
1593,215,6,1776383668,
1594,216,6,1760627614,
1595,217,6,1775033494,1775983894.0
1596,218,6,1763112289,
1597,219,6,1749321897,1750013097.0
1598,220,6,1747562681,1748599481.0
1599,222,6,1772360229,1773998229.0
1600,223,6,1756432771,
1601,224,6,1770511819,
1602,225,6,1764773008,
1603,226,6,1775870528,1776388928.0
1604,227,6,1762890812,
1605,228,6,1771730755,1773800755.0
1606,230,6,1773897021,1774847421.0
1607,231,6,1767012934,
1608,233,6,1750358901,
1609,234,6,1772284617,
1610,235,6,1772837517,1773697917.0
1611,236,6,1774469532,1775247132.0
1612,237,6,1761652118,1762174118.0
1613,238,6,1774446718,
1614,239,6,1747927693,1748791693.0
1615,240,6,1770931517,1772313917.0
1616,241,6,1773218910,
1617,242,6,1780462932,1781240532.0
1618,243,6,1749992370,1750597170.0
1619,244,6,1774817472,1775335872.0
1620,245,6,1772030486,1773150086.0
1621,246,6,1756623566,1758610766.0
1622,247,6,1780448383,
1623,248,6,1764356480,1765738880.0
1624,249,6,1768710463,
1625,250,6,1774246982,
1626,251,6,1761423506,
1627,252,6,1780272662,1781395862.0
1628,253,6,1772855127,
1629,254,6,1754560350,
1630,255,6,1774042372,1774387972.0
1631,256,6,1768582072,
1632,258,6,1758420540,
1633,259,6,1780070146,
1634,260,6,1768004253,1769732253.0
1635,261,6,1757843414,1758621014.0
1636,262,6,1766640761,
1637,263,6,1753530611,
1638,264,6,1753541581,
1639,265,6,1748530307,
1640,267,6,1758426809,
1641,268,6,1779910971,1781120571.0
1642,269,6,1764812393,1766799593.0
1643,270,6,1757504523,1757850123.0
1644,271,6,1770424686,
1645,272,6,1756339168,
1646,273,6,1762495957,
1647,274,6,1775648933,1775994533.0
1648,275,6,1780434893,1780780493.0
1649,276,6,1769584144,
1650,277,6,1769216753,1770944753.0
1651,278,6,1779205915,
1652,279,6,1773415292,1775143292.0
1653,280,6,1780182246,
1654,1,7,1780214868,
1655,2,7,1776369109,
1656,3,7,1750823313,1751773713.0
1657,4,7,1775922678,1777132278.0
1658,5,7,1755446435,
1659,6,7,1770673954,
1660,7,7,1777239420,
1661,8,7,1772374387,
1662,9,7,1769480079,
1663,10,7,1763138068,
1664,12,7,1766124999,
1665,13,7,1770553894,
1666,14,7,1760579895,
1667,15,7,1761862269,1764025869.0
1668,16,7,1768033357,1770020557.0
1669,17,7,1776399623,
1670,18,7,1774514897,
1671,19,7,1764026158,
1672,21,7,1755962008,1756826008.0
1673,22,7,1779094860,1780909260.0
1674,23,7,1759046685,1760861085.0
1675,24,7,1780173434,
1676,25,7,1758383561,
1677,26,7,1746598774,1747549174.0
1678,27,7,1772804318,1773146318.0
1679,28,7,1777745067,
1680,29,7,1780237525,1781965525.0
1681,30,7,1762085136,
1682,31,7,1773737830,
1683,32,7,1758678324,1759023924.0
1684,33,7,1777313799,1778523399.0
1685,34,7,1768003624,1769126824.0
1686,35,7,1753911259,1754602459.0
1687,36,7,1761103417,1762662217.0
1688,37,7,1770803963,
1689,38,7,1755633022,
1690,39,7,1774641373,
1691,40,7,1757983343,1759020143.0
1692,41,7,1771466366,
1693,42,7,1765741868,
1694,43,7,1774289114,
1695,44,7,1758186547,1759741747.0
1696,45,7,1769694587,
1697,46,7,1758517943,1759381943.0
1698,47,7,1749895880,1751883080.0
1699,48,7,1777743899,
1700,49,7,1762123590,1762555590.0
1701,50,7,1750733298,
1702,51,7,1775636531,
1703,52,7,1761498752,1763403152.0
1704,54,7,1746537751,1748697751.0
1705,55,7,1779893457,1780930257.0
1706,56,7,1755245387,1756973387.0
1707,57,7,1778398264,1779780664.0
1708,58,7,1762397947,
1709,59,7,1768589184,1769971584.0
1710,60,7,1751912911,1752690511.0
1711,61,7,1780324687,
1712,62,7,1755819185,
1713,63,7,1768745065,1769004265.0
1714,64,7,1755016818,1756744818.0
1715,65,7,1759140829,
1716,66,7,1777203518,
1717,67,7,1777513956,
1718,68,7,1759972657,1761787057.0
1719,69,7,1756888427,
1720,72,7,1780158380,
1721,73,7,1754465200,
1722,74,7,1768775532,
1723,75,7,1770412607,
1724,76,7,1766060474,1766578874.0
1725,77,7,1762708467,
1726,78,7,1753568429,1755123629.0
1727,79,7,1772049604,
1728,80,7,1769607349,
1729,81,7,1746830140,
1730,82,7,1772188970,
1731,83,7,1774733953,1775857153.0
1732,84,7,1780187537,1780533137.0
1733,85,7,1780020791,
1734,86,7,1751002833,1752644433.0
1735,88,7,1748919789,
1736,89,7,1759522015,
1737,90,7,1771331616,1772454816.0
1738,91,7,1751621291,1753694891.0
1739,92,7,1757154712,
1740,93,7,1776428957,1777033757.0
1741,94,7,1751171052,
1742,95,7,1772781405,
1743,96,7,1772092023,1772956023.0
1744,97,7,1751035806,
1745,98,7,1780230281,
1746,99,7,1751365404,
1747,100,7,1775034412,
1748,101,7,1764539392,
1749,102,7,1768589966,1768849166.0
1750,103,7,1769444006,1770912806.0
1751,104,7,1771048723,
1752,105,7,1772600798,
1753,107,7,1769182123,1771342123.0
1754,108,7,1773557355,1774162155.0
1755,109,7,1769830891,
1756,110,7,1778594618,1780149818.0
1757,112,7,1767769065,
1758,113,7,1749926112,1750444512.0
1759,115,7,1772067842,1772586242.0
1760,116,7,1766537500,1767315100.0
1761,117,7,1778979849,1779930249.0
1762,118,7,1779222102,1780863702.0
1763,119,7,1777627109,
1764,121,7,1751262762,
1765,122,7,1755919292,
1766,123,7,1749375482,1751103482.0
1767,124,7,1768473188,
1768,125,7,1766891787,
1769,126,7,1767149345,
1770,127,7,1774530826,
1771,128,7,1769963653,
1772,129,7,1775305145,1776946745.0
1773,130,7,1769937181,
1774,131,7,1756757363,1757362163.0
1775,132,7,1764098675,1764444275.0
1776,133,7,1764327867,1765796667.0
1777,134,7,1771911580,
1778,135,7,1766596341,
1779,136,7,1748367705,
1780,137,7,1778670647,1780225847.0
1781,138,7,1778930862,1781004462.0
1782,139,7,1763322411,1765396011.0
1783,140,7,1750343033,1752503033.0
1784,141,7,1763481825,
1785,142,7,1766685404,1767463004.0
1786,143,7,1769184175,
1787,144,7,1779712695,
1788,145,7,1780024593,1782184593.0
1789,146,7,1779488063,
1790,147,7,1752946218,
1791,148,7,1779724408,
1792,149,7,1768875808,
1793,150,7,1758922453,1760391253.0
1794,151,7,1769707833,
1795,152,7,1772416911,1772935311.0
1796,153,7,1778923441,
1797,155,7,1772676367,
1798,156,7,1751669225,1753570025.0
1799,158,7,1748807881,
1800,159,7,1755417353,1757490953.0
1801,160,7,1758817711,
1802,161,7,1748568032,
1803,163,7,1773315299,
1804,164,7,1763720464,1765189264.0
1805,165,7,1767861643,
1806,167,7,1763531617,
1807,168,7,1760620876,
1808,169,7,1770348520,1772508520.0
1809,170,7,1749313652,
1810,171,7,1769822747,
1811,172,7,1774200202,
1812,173,7,1755936272,1756281872.0
1813,174,7,1757037750,
1814,175,7,1764259862,1765296662.0
1815,178,7,1753414411,1755228811.0
1816,179,7,1773952641,1774471041.0
1817,180,7,1764731635,1765077235.0
1818,181,7,1759782166,
1819,182,7,1769193479,
1820,184,7,1774851313,1775110513.0
1821,186,7,1779781080,1781422680.0
1822,187,7,1748759750,
1823,188,7,1770242079,
1824,189,7,1771304282,1773115082.0
1825,190,7,1777909825,
1826,191,7,1756376509,
1827,192,7,1763499088,
1828,193,7,1761267777,1762653777.0
1829,194,7,1772539182,
1830,196,7,1767191426,1768141826.0
1831,197,7,1770388129,1771252129.0
1832,198,7,1775426204,
1833,199,7,1773053238,
1834,200,7,1775600872,
1835,201,7,1770555306,1771764906.0
1836,202,7,1770389540,1771426340.0
1837,203,7,1752077769,1753373769.0
1838,204,7,1778874655,
1839,205,7,1764277151,
1840,206,7,1773101283,
1841,207,7,1770992137,
1842,208,7,1752184060,
1843,209,7,1750824754,1752811954.0
1844,210,7,1774702179,
1845,211,7,1755640751,
1846,212,7,1776613190,
1847,213,7,1772712469,1773313669.0
1848,214,7,1747511597,
1849,215,7,1777970117,
1850,216,7,1755749955,
1851,217,7,1748683586,1749720386.0
1852,218,7,1770705478,
1853,219,7,1766098722,1766876322.0
1854,220,7,1749131728,1750686928.0
1855,221,7,1779811007,
1856,223,7,1758742878,1759693278.0
1857,224,7,1773595842,
1858,225,7,1765767131,1767322331.0
1859,227,7,1759983084,1761019884.0
1860,228,7,1755177317,1756386917.0
1861,229,7,1750008956,1750613756.0
1862,230,7,1768509057,
1863,231,7,1772186225,
1864,232,7,1754270317,
1865,233,7,1763795650,
1866,234,7,1771635921,
1867,235,7,1775815709,1777630109.0
1868,236,7,1754818593,
1869,237,7,1764773598,1765291998.0
1870,238,7,1759518944,1760469344.0
1871,240,7,1751610954,
1872,241,7,1779369662,
1873,242,7,1780371493,1781321893.0
1874,243,7,1765291034,1767451034.0
1875,244,7,1777607555,
1876,245,7,1771667856,1773737856.0
1877,247,7,1762212996,
1878,248,7,1760605852,1762596652.0
1879,249,7,1769932595,
1880,250,7,1770975920,
1881,251,7,1755725418,1757021418.0
1882,252,7,1750354529,1751218529.0
1883,253,7,1759173575,1760642375.0
1884,254,7,1763565300,
1885,255,7,1777140387,1777572387.0
1886,256,7,1756787847,
1887,257,7,1773826258,
1888,258,7,1779838904,
1889,259,7,1780406519,
1890,260,7,1748855210,
1891,261,7,1765961819,
1892,262,7,1768939984,
1893,263,7,1775201732,1775547332.0
1894,264,7,1757628368,1759615568.0
1895,265,7,1765298728,
1896,266,7,1773698794,1774389994.0
1897,267,7,1753328629,
1898,268,7,1780130816,1782031616.0
1899,269,7,1756834101,1758389301.0
1900,270,7,1767662898,1769477298.0
1901,271,7,1762271123,1763653523.0
1902,272,7,1766609384,1768423784.0
1903,273,7,1768041886,
1904,274,7,1772752637,
1905,275,7,1778523565,
1906,276,7,1777089532,
1907,277,7,1777490015,1778872415.0
1908,278,7,1754838132,
1909,279,7,1747761549,
1910,51,8,1760437658,
1911,52,8,1754426284,
1912,53,8,1758277685,1759055285.0
1913,54,8,1775022703,
1914,55,8,1778783003,
1915,56,8,1778920194,
1916,57,8,1773826926,
1917,58,8,1773334243,
1918,59,8,1775342968,1775947768.0
1919,60,8,1771211132,1772679932.0
1920,61,8,1778534529,
1921,62,8,1764508356,1765113156.0
1922,63,8,1754601828,1755379428.0
1923,64,8,1763225338,
1924,65,8,1748548549,1748894149.0
1925,66,8,1780366751,
1926,67,8,1779448557,
1927,68,8,1749673538,
1928,69,8,1777796856,
1929,71,8,1776982375,1778278375.0
1930,72,8,1779972086,
1931,74,8,1770315796,1771870996.0
1932,75,8,1759162839,1760286039.0
1933,76,8,1780102856,1781226056.0
1934,77,8,1749397678,
1935,78,8,1752416969,
1936,79,8,1771040685,1771991085.0
1937,80,8,1774356803,1775480003.0
1938,81,8,1749055684,
1939,82,8,1768711408,
1940,83,8,1762752855,
1941,84,8,1779616734,1780394334.0
1942,85,8,1779876513,1780826913.0
1943,86,8,1755376799,1756931999.0
1944,87,8,1772424680,
1945,88,8,1773706695,
1946,89,8,1770311678,
1947,90,8,1771487453,1772524253.0
1948,91,8,1758551829,
1949,92,8,1755749116,
1950,93,8,1749050826,
1951,94,8,1753397947,
1952,95,8,1772997716,1773429716.0
1953,136,8,1766372278,1767495478.0
1954,137,8,1765587204,
1955,138,8,1752096185,
1956,139,8,1762343394,
1957,140,8,1760318015,1762481615.0
1958,141,8,1764715825,
1959,142,8,1779269164,1779614764.0
1960,143,8,1761506516,1763324516.0
1961,144,8,1756983450,
1962,145,8,1755513197,
1963,146,8,1767394811,
1964,147,8,1753758994,1754709394.0
1965,148,8,1778788258,
1966,149,8,1775804940,
1967,150,8,1770181031,
1968,151,8,1747884206,
1969,152,8,1774898792,1776453992.0
1970,153,8,1757645099,
1971,154,8,1749611952,
1972,155,8,1754943118,1756152718.0
1973,156,8,1761599963,
1974,157,8,1763953025,
1975,158,8,1769512297,
1976,159,8,1755348815,
1977,160,8,1780259754,1780605354.0
1978,161,8,1747570198,
1979,162,8,1777485290,
1980,163,8,1761869381,
1981,164,8,1771919553,1773384753.0
1982,165,8,1754998595,
1983,166,8,1762207170,1763243970.0
1984,167,8,1773811275,1774156875.0
1985,168,8,1751261500,
1986,169,8,1746920799,1748389599.0
1987,170,8,1774710258,1775660658.0
1988,171,8,1780069353,1782142953.0
1989,172,8,1766278527,
1990,174,8,1774482795,
1991,175,8,1759642421,
1992,176,8,1767920279,1768870679.0
1993,177,8,1768408808,
1994,178,8,1766291321,1768192121.0
1995,179,8,1755303107,1755562307.0
1996,180,8,1774111790,1775666990.0
1997,181,8,1747255029,
1998,182,8,1751613827,
1999,183,8,1777807909,
2000,184,8,1761571599,
2001,185,8,1767752562,
2002,186,8,1780264968,1780869768.0
2003,187,8,1774675754,1775453354.0
2004,188,8,1757772642,
2005,189,8,1747964562,1749951762.0
2006,190,8,1771485582,1772954382.0
2007,226,9,1775869313,1782867713.0
2008,227,9,1766667448,1767790648.0
2009,228,9,1774415292,1799820492.0
2010,229,9,1759927059,1764682659.0
2011,230,9,1753217862,
2012,231,9,1771003440,1797614640.0
2013,232,9,1752382503,1770270903.0
2014,233,9,1753805528,1784045528.0
2015,234,9,1772958974,1775892974.0
2016,235,9,1756017317,1759041317.0
2017,236,9,1776511631,
2018,237,9,1751778236,1780549436.0
2019,238,9,1767542663,1780499063.0
2020,239,9,1754860471,1777497271.0
2021,240,9,1756535154,1783405554.0
2022,241,9,1771074883,1784290483.0
2023,242,9,1780159436,1810140236.0
2024,243,9,1748585356,1755929356.0
2025,244,9,1756512468,1786234068.0
2026,245,9,1751174676,1773120276.0
2027,246,9,1753287429,
2028,247,9,1776842367,1779175167.0
2029,248,9,1766584883,1796738483.0
2030,249,9,1773802310,
2031,250,9,1773752577,1793019777.0
2032,251,9,1773503963,1795280363.0
2033,252,9,1780123930,1782370330.0
2034,253,9,1773064906,
2035,254,9,1758708523,
2036,255,9,1765007611,1767426811.0
